audio_file_name,speaker_id,speaker_gender,speaker_age,sentence_id,sentence_type,goldenstandard_class,goldenstandard_value,number_of_annotators
001_P-05_m_S-1_PS-M.wav,P-05,male,25,S-1,PS-M,NS,-0.593983788,16
002_P-06_f_S-1_PS-F.wav,P-06,female,25,S-1,PS-F,NS,-0.958640889,16
003_P-18_f_S-5_PS-S.wav,P-18,female,20,S-5,PS-S,NS,-0.164288541,16
004_P-18_f_S-6_PS-F.wav,P-18,female,20,S-6,PS-F,NS,-0.187276659,16
005_P-18_f_S-2_PS-F.wav,P-18,female,20,S-2,PS-F,S,0.069235797,16
006_P-19_f_S-1_PS-F.wav,P-19,female,30,S-1,PS-F,NS,-0.411265124,16
007_P-19_f_S-2_PS-F.wav,P-19,female,30,S-2,PS-F,S,0.0734136,16
008_P-19_f_S-3_PS-F.wav,P-19,female,30,S-3,PS-F,S,1.042322734,16
009_P-19_f_S-4_PS-F.wav,P-19,female,30,S-4,PS-F,S,1.092649419,16
010_P-19_f_S-5_PS-S.wav,P-19,female,30,S-5,PS-S,S,1.058500802,16
011_P-19_f_S-6_PS-F.wav,P-19,female,30,S-6,PS-F,S,0.440536434,16
012_P-20_m_S-5_PS-F.wav,P-20,male,30,S-5,PS-F,S,0.546053622,16
013_P-06_f_S-3_PS-F.wav,P-06,female,25,S-3,PS-F,NS,-0.241611551,16
014_P-20_m_S-1_PS-L.wav,P-20,male,30,S-1,PS-L,NS,-0.580002612,16
015_P-20_m_S-2_PS-L.wav,P-20,male,30,S-2,PS-L,S,0.249729437,16
016_P-20_m_S-3_PS-L.wav,P-20,male,30,S-3,PS-L,S,0.285711617,16
017_P-20_m_S-4_PS-L.wav,P-20,male,30,S-4,PS-L,S,0.677276667,16
018_P-20_m_S-6_PS-L.wav,P-20,male,30,S-6,PS-L,NS,-0.168983424,16
019_P-08_m_S-1_PS-F.wav,P-08,male,20,S-1,PS-F,NS,-0.476468844,16
020_P-21_m_S-2_PS-F.wav,P-21,male,25,S-2,PS-F,NS,-0.241572404,16
021_P-21_m_S-3_PS-F.wav,P-21,male,25,S-3,PS-F,NS,-0.717953653,16
022_P-21_m_S-4_PS-F.wav,P-21,male,25,S-4,PS-F,NS,-1.10019641,16
023_P-21_m_S-5_PS-F.wav,P-21,male,25,S-5,PS-F,NS,-1.156118613,16
024_P-06_f_S-4_PS-F.wav,P-06,female,25,S-4,PS-F,NS,-0.170688654,16
025_P-21_m_S-6_PS-F.wav,P-21,male,25,S-6,PS-F,NS,-0.770714637,16
026_P-22_m_S-1_PS-F.wav,P-22,male,20,S-1,PS-F,NS,-0.370291916,16
027_P-22_m_S-3_PS-F.wav,P-22,male,20,S-3,PS-F,S,0.262019083,16
028_P-22_m_S-4_PS-F.wav,P-22,male,20,S-4,PS-F,S,0.187983592,16
029_P-03_m_S-1_PS-F.wav,P-03,male,20,S-1,PS-F,S,0.007125281,16
030_P-22_m_S-5_PS-F.wav,P-22,male,20,S-5,PS-F,S,0.200889862,16
031_P-01_f_S-6_PS-M.wav,P-01,female,20,S-6,PS-M,S,0.244407,16
032_P-22_m_S-6_PS-F.wav,P-22,male,20,S-6,PS-F,S,0.194541457,16
033_P-01_f_S-5_PS-S.wav,P-01,female,20,S-5,PS-S,S,0.476068346,16
034_P-22_m_S-3_PS-F.wav,P-22,male,20,S-3,PS-F,S,0.364441446,16
035_P-12_m_S-1_PS-M.wav,P-12,male,30,S-1,PS-M,NS,-0.163922044,16
036_P-22_m_S-4_PS-F.wav,P-22,male,20,S-4,PS-F,S,0.237897119,16
037_P-22_m_S-1_PS-F.wav,P-22,male,20,S-1,PS-F,NS,-0.742709737,15
038_P-22_m_S-2_PS-F.wav,P-22,male,20,S-2,PS-F,NS,-0.16358762,16
039_P-22_m_S-6_PS-S.wav,P-22,male,20,S-6,PS-S,NS,-0.020787399,16
040_P-21_m_S-1_PS-F.wav,P-21,male,25,S-1,PS-F,NS,-0.852579458,16
041_P-21_m_S-3_PS-F.wav,P-21,male,25,S-3,PS-F,NS,-0.257770477,16
042_P-21_m_S-4_PS-F.wav,P-21,male,25,S-4,PS-F,S,0.239751146,16
043_P-01_f_S-4_PS-S.wav,P-01,female,20,S-4,PS-S,S,1.380090372,16
044_P-03_m_S-5_PS-F.wav,P-03,male,20,S-5,PS-F,NS,-0.123712146,16
045_P-23_m_S-6_PS-F.wav,P-23,male,30,S-6,PS-F,NS,-0.428039703,16
046_P-06_f_S-5_PS-F.wav,P-06,female,25,S-5,PS-F,NS,-0.116582961,16
047_P-01_f_S-3_PS-S.wav,P-01,female,20,S-3,PS-S,S,1.219899428,16
048_P-21_m_S-1_PS-F.wav,P-21,male,25,S-1,PS-F,NS,-0.373088721,16
049_P-21_m_S-2_PS-F.wav,P-21,male,25,S-2,PS-F,NS,-0.012623144,16
050_P-21_m_S-3_PS-F.wav,P-21,male,25,S-3,PS-F,S,0.344013474,16
051_P-23_m_S-5_PS-F.wav,P-23,male,30,S-5,PS-F,S,0.064555028,16
052_P-23_m_S-6_PS-F.wav,P-23,male,30,S-6,PS-F,NS,-0.237049292,16
053_P-21_m_S-4_PS-F.wav,P-21,male,25,S-4,PS-F,S,0.062362225,16
054_P-15_f_S-6_PS-F.wav,P-15,female,25,S-6,PS-F,S,0.130516197,16
055_P-04_m_S-2_PS-F.wav,P-04,male,30,S-2,PS-F,S,0.116034135,16
056_P-04_m_S-3_PS-F.wav,P-04,male,30,S-3,PS-F,S,0.536235172,16
057_P-07_f_S-1_PS-L.wav,P-07,female,40,S-1,PS-L,NS,-0.135496705,16
058_P-04_m_S-4_PS-F.wav,P-04,male,30,S-4,PS-F,S,0.645648157,16
059_P-04_m_S-5_PS-F.wav,P-04,male,30,S-5,PS-F,S,0.32222081,16
060_P-04_m_S-6_PS-F.wav,P-04,male,30,S-6,PS-F,NS,-0.602102106,16
061_P-04_m_S-1_PS-F.wav,P-04,male,30,S-1,PS-F,NS,-0.523046516,16
062_P-04_m_S-2_PS-F.wav,P-04,male,30,S-2,PS-F,S,0.096821503,16
063_P-04_m_S-3_PS-F.wav,P-04,male,30,S-3,PS-F,S,0.631792196,16
064_P-04_m_S-4_PS-F.wav,P-04,male,30,S-4,PS-F,NS,-0.061297212,16
065_P-04_m_S-5_PS-F.wav,P-04,male,30,S-5,PS-F,S,0.45061184,16
066_P-04_m_S-6_PS-F.wav,P-04,male,30,S-6,PS-F,NS,-0.300190708,16
067_P-01_f_S-1_PS-L.wav,P-01,female,20,S-1,PS-L,NS,-0.466709586,16
068_P-06_f_S-6_PS-F.wav,P-06,female,25,S-6,PS-F,NS,-0.757308194,16
069_P-01_f_S-2_PS-L.wav,P-01,female,20,S-2,PS-L,S,0.372838252,16
070_P-01_f_S-3_PS-L.wav,P-01,female,20,S-3,PS-L,S,0.322491518,16
071_P-01_f_S-5_PS-L.wav,P-01,female,20,S-5,PS-L,S,0.458330709,16
072_P-01_f_S-6_PS-L.wav,P-01,female,20,S-6,PS-L,NS,-0.11199239,16
073_P-01_f_S-4_PS-L.wav,P-01,female,20,S-4,PS-L,S,0.060517029,16
074_P-03_m_S-1_PS-F.wav,P-03,male,20,S-1,PS-F,S,0.007086985,16
075_P-03_m_S-2_PS-F.wav,P-03,male,20,S-2,PS-F,S,0.810169315,16
076_P-03_m_S-2_PS-F.wav,P-03,male,20,S-2,PS-F,S,0.69811164,16
077_P-03_m_S-2_PS-F.wav,P-03,male,20,S-2,PS-F,S,0.810336843,16
078_P-03_m_S-5_PS-F.wav,P-03,male,20,S-5,PS-F,S,0.760846077,16
079_P-07_f_S-3_PS-L.wav,P-07,female,40,S-3,PS-L,S,0.206736334,16
080_P-03_m_S-6_PS-F.wav,P-03,male,20,S-6,PS-F,S,0.695270755,16
081_P-03_m_S-6_PS-F.wav,P-03,male,20,S-6,PS-F,S,0.203883217,16
082_P-05_m_S-1_PS-L.wav,P-05,male,25,S-1,PS-L,NS,-0.887485371,16
083_P-05_m_S-2_PS-M.wav,P-05,male,25,S-2,PS-M,S,0.549403178,16
084_P-05_m_S-3_PS-L.wav,P-05,male,25,S-3,PS-L,S,0.513272578,16
085_P-05_m_S-4_PS-L.wav,P-05,male,25,S-4,PS-L,S,0.451347283,16
086_P-05_m_S-5_PS-L.wav,P-05,male,25,S-5,PS-L,S,0.111299271,16
087_P-05_m_S-4_PS-L.wav,P-05,male,25,S-4,PS-L,S,0.298970643,16
088_P-05_m_S-6_PS-L.wav,P-05,male,25,S-6,PS-L,S,0.172955983,16
089_P-05_m_S-1_PS-L.wav,P-05,male,25,S-1,PS-L,NS,-0.304870593,16
090_P-07_f_S-4_PS-L.wav,P-07,female,40,S-4,PS-L,S,0.607342189,16
091_P-05_m_S-3_PS-L.wav,P-05,male,25,S-3,PS-L,NS,-0.712240098,16
092_P-05_m_S-3_PS-L.wav,P-05,male,25,S-3,PS-L,NS,-0.157946537,16
093_P-05_m_S-4_PS-S.wav,P-05,male,25,S-4,PS-S,NS,-0.229700063,16
094_P-01_f_S-2_PS-L.wav,P-01,female,20,S-2,PS-L,S,0.885058783,16
095_P-05_m_S-5_PS-L.wav,P-05,male,25,S-5,PS-L,NS,-0.302529245,16
096_P-05_m_S-6_PS-L.wav,P-05,male,25,S-6,PS-L,NS,-1.029949818,16
097_P-06_f_S-1_PS-F.wav,P-06,female,25,S-1,PS-F,NS,-0.547432388,16
098_P-06_f_S-2_PS-F.wav,P-06,female,25,S-2,PS-F,NS,-0.422817423,16
099_P-06_f_S-3_PS-F.wav,P-06,female,25,S-3,PS-F,NS,-0.072145172,16
100_P-06_f_S-4_PS-F.wav,P-06,female,25,S-4,PS-F,S,0.05651463,16
101_P-07_f_S-5_PS-L.wav,P-07,female,40,S-5,PS-L,S,0.178100772,16
102_P-06_f_S-5_PS-F.wav,P-06,female,25,S-5,PS-F,NS,-0.057207238,16
103_P-06_f_S-6_PS-F.wav,P-06,female,25,S-6,PS-F,NS,-0.353422086,16
104_P-06_f_S-1_PS-F.wav,P-06,female,25,S-1,PS-F,NS,-0.275365614,16
105_P-06_f_S-2_PS-F.wav,P-06,female,25,S-2,PS-F,NS,-0.043035778,16
106_P-06_f_S-3_PS-F.wav,P-06,female,25,S-3,PS-F,S,0.056568016,16
107_P-06_f_S-4_PS-F.wav,P-06,female,25,S-4,PS-F,S,0.262740401,16
108_P-06_f_S-4_PS-F.wav,P-06,female,25,S-4,PS-F,S,0.153067552,16
109_P-06_f_S-5_PS-F.wav,P-06,female,25,S-5,PS-F,S,0.372009798,16
110_P-06_f_S-6_PS-F.wav,P-06,female,25,S-6,PS-F,NS,-0.340369484,16
111_P-07_f_S-1_PS-F.wav,P-07,female,40,S-1,PS-F,S,0.234172894,16
112_P-05_m_S-2_PS-M.wav,P-05,male,25,S-2,PS-M,S,0.042910824,16
113_P-07_f_S-6_PS-L.wav,P-07,female,40,S-6,PS-L,NS,-0.346760607,16
114_P-07_f_S-2_PS-L.wav,P-07,female,40,S-2,PS-L,S,1.080290596,16
115_P-07_f_S-3_PS-L.wav,P-07,female,40,S-3,PS-L,S,1.022921595,16
116_P-08_m_S-1_PS-L.wav,P-08,male,20,S-1,PS-L,NS,-0.760450983,16
117_P-08_m_S-3_PS-L.wav,P-08,male,20,S-3,PS-L,S,0.362351769,16
118_P-08_m_S-6_PS-L.wav,P-08,male,20,S-6,PS-L,NS,-1.083125271,16
119_P-06_f_S-1_PS-M.wav,P-06,female,25,S-1,PS-M,NS,-0.31670434,15
120_P-01_f_S-6_PS-S.wav,P-01,female,20,S-6,PS-S,S,1.108954525,16
121_P-06_f_S-2_PS-S.wav,P-06,female,25,S-2,PS-S,S,0.183728782,16
122_P-09_f_S-3_PS-L.wav,P-09,female,50,S-3,PS-L,NS,-0.165772625,16
123_P-09_f_S-5_PS-L.wav,P-09,female,50,S-5,PS-L,NS,-1.086025832,16
124_P-08_m_S-1_PS-F.wav,P-08,male,20,S-1,PS-F,NS,-1.069242884,16
125_P-10_f_S-3_PS-L.wav,P-10,female,65,S-3,PS-L,NS,-0.580077657,16
126_P-10_f_S-4_PS-L.wav,P-10,female,65,S-4,PS-L,S,0.558929042,16
127_P-10_f_S-5_PS-L.wav,P-10,female,65,S-5,PS-L,S,0.656161428,16
128_P-10_f_S-6_PS-S.wav,P-10,female,65,S-6,PS-S,S,0.153070606,16
129_P-01_f_S-5_PS-L.wav,P-01,female,20,S-5,PS-L,S,0.813272488,16
130_P-11_m_S-1_PS-L.wav,P-11,male,50,S-1,PS-L,NS,-0.864392092,16
131_P-11_m_S-2_PS-F.wav,P-11,male,50,S-2,PS-F,NS,-1.506500914,16
132_P-11_m_S-3_PS-L.wav,P-11,male,50,S-3,PS-L,NS,-1.202163353,16
133_P-11_m_S-4_PS-L.wav,P-11,male,50,S-4,PS-L,NS,-1.112429661,16
134_P-11_m_S-5_PS-L.wav,P-11,male,50,S-5,PS-L,NS,-1.002732709,16
135_P-08_m_S-2_PS-F.wav,P-08,male,20,S-2,PS-F,NS,-0.393143426,16
136_P-11_m_S-6_PS-L.wav,P-11,male,50,S-6,PS-L,NS,-1.062782269,16
137_P-12_m_S-2_PS-F.wav,P-12,male,30,S-2,PS-F,NS,-0.274375388,16
138_P-12_m_S-4_PS-L.wav,P-12,male,30,S-4,PS-L,S,0.497984339,16
139_P-12_m_S-5_PS-S.wav,P-12,male,30,S-5,PS-S,S,0.686197675,16
140_P-12_m_S-6_PS-S.wav,P-12,male,30,S-6,PS-S,S,0.118976641,16
141_P-13_m_S-1_PS-F.wav,P-13,male,25,S-1,PS-F,NS,-0.965426166,16
142_P-14_f_S-2_PS-L.wav,P-14,female,20,S-2,PS-L,NS,-0.289454565,16
143_P-14_f_S-3_PS-L.wav,P-14,female,20,S-3,PS-L,S,0.490831755,16
144_P-14_f_S-4_PS-L.wav,P-14,female,20,S-4,PS-L,S,0.496305107,16
145_P-01_f_S-4_PS-L.wav,P-01,female,20,S-4,PS-L,S,0.755714769,16
146_P-08_m_S-4_PS-S.wav,P-08,male,20,S-4,PS-S,NS,-0.281777178,16
147_P-14_f_S-5_PS-L.wav,P-14,female,20,S-5,PS-L,S,0.291494865,15
148_P-14_f_S-6_PS-L.wav,P-14,female,20,S-6,PS-L,NS,-0.006331101,16
149_P-14_f_S-1_PS-L.wav,P-14,female,20,S-1,PS-L,S,0.539992087,16
150_P-14_f_S-2_PS-L.wav,P-14,female,20,S-2,PS-L,S,0.417862316,16
151_P-14_f_S-4_PS-L.wav,P-14,female,20,S-4,PS-L,S,0.8537046,16
152_P-14_f_S-4_PS-L.wav,P-14,female,20,S-4,PS-L,S,0.975963983,16
153_P-14_f_S-6_PS-L.wav,P-14,female,20,S-6,PS-L,S,0.431740463,16
154_P-15_f_S-1_PS-L.wav,P-15,female,25,S-1,PS-L,NS,-1.115030868,15
155_P-15_f_S-4_PS-L.wav,P-15,female,25,S-4,PS-L,NS,-0.888933742,16
156_P-16_m_S-1_PS-L.wav,P-16,male,25,S-1,PS-L,NS,-1.438216909,16
157_P-08_m_S-5_PS-F.wav,P-08,male,20,S-5,PS-F,S,0.559767191,16
158_P-16_m_S-2_PS-L.wav,P-16,male,25,S-2,PS-L,NS,-0.754372824,16
159_P-16_m_S-3_PS-L.wav,P-16,male,25,S-3,PS-L,NS,-0.467227124,16
160_P-16_m_S-4_PS-L.wav,P-16,male,25,S-4,PS-L,NS,-0.582322183,16
161_P-16_m_S-6_PS-L.wav,P-16,male,25,S-6,PS-L,NS,-0.306221287,16
162_P-01_f_S-3_PS-S.wav,P-01,female,20,S-3,PS-S,S,0.69915058,16
163_P-16_m_S-2_PS-L.wav,P-16,male,25,S-2,PS-L,NS,-0.002422174,16
164_P-16_m_S-3_PS-L.wav,P-16,male,25,S-3,PS-L,S,0.109293284,16
165_P-16_m_S-4_PS-L.wav,P-16,male,25,S-4,PS-L,NS,-0.448110009,16
166_P-16_m_S-5_PS-L.wav,P-16,male,25,S-5,PS-L,NS,-0.206894488,16
167_P-16_m_S-6_PS-L.wav,P-16,male,25,S-6,PS-L,NS,-0.174603144,16
168_P-08_m_S-6_PS-F.wav,P-08,male,20,S-6,PS-F,NS,-0.39227488,16
169_P-17_f_S-1_PS-F.wav,P-17,female,25,S-1,PS-F,NS,-0.165452403,16
170_P-17_f_S-4_PS-F.wav,P-17,female,25,S-4,PS-F,S,0.612883393,16
171_P-17_f_S-5_PS-F.wav,P-17,female,25,S-5,PS-F,S,1.179174723,16
172_P-17_f_S-6_PS-L.wav,P-17,female,25,S-6,PS-L,S,0.151570923,16
173_P-17_f_S-1_PS-L.wav,P-17,female,25,S-1,PS-L,NS,-0.923945934,16
174_P-17_f_S-2_PS-L.wav,P-17,female,25,S-2,PS-L,S,0.148249383,15
175_P-17_f_S-3_PS-L.wav,P-17,female,25,S-3,PS-L,S,0.669828843,15
176_P-17_f_S-5_PS-L.wav,P-17,female,25,S-5,PS-L,S,1.090856762,16
177_P-17_f_S-6_PS-L.wav,P-17,female,25,S-6,PS-L,NS,-0.858578244,16
178_P-18_f_S-1_PS-L.wav,P-18,female,20,S-1,PS-L,S,0.182378147,16
179_P-09_f_S-2_PS-F.wav,P-09,female,50,S-2,PS-F,S,0.149021927,16
180_P-18_f_S-2_PS-L.wav,P-18,female,20,S-2,PS-L,S,1.090836652,16
181_P-18_f_S-3_PS-L.wav,P-18,female,20,S-3,PS-L,S,0.976870413,16
182_P-18_f_S-4_PS-L.wav,P-18,female,20,S-4,PS-L,S,0.971731553,16
183_P-18_f_S-4_PS-L.wav,P-18,female,20,S-4,PS-L,S,1.016977866,16
184_P-01_f_S-2_PS-S.wav,P-01,female,20,S-2,PS-S,S,0.368830989,16
185_P-18_f_S-6_PS-L.wav,P-18,female,20,S-6,PS-L,NS,-0.225215627,16
186_P-19_f_S-1_PS-L.wav,P-19,female,30,S-1,PS-L,S,0.243356819,16
187_P-19_f_S-2_PS-L.wav,P-19,female,30,S-2,PS-L,S,0.240530373,16
188_P-19_f_S-3_PS-L.wav,P-19,female,30,S-3,PS-L,S,0.89793548,16
189_P-19_f_S-4_PS-L.wav,P-19,female,30,S-4,PS-L,S,0.196755453,16
190_P-09_f_S-3_PS-F.wav,P-09,female,50,S-3,PS-F,S,0.627187239,16
191_P-19_f_S-5_PS-L.wav,P-19,female,30,S-5,PS-L,S,0.190433858,16
192_P-19_f_S-5_PS-L.wav,P-19,female,30,S-5,PS-L,S,0.498467697,16
193_P-19_f_S-6_PS-F.wav,P-19,female,30,S-6,PS-F,NS,-0.513861679,16
194_P-20_m_S-1_PS-L.wav,P-20,male,30,S-1,PS-L,NS,-0.659313289,16
195_P-20_m_S-2_PS-L.wav,P-20,male,30,S-2,PS-L,NS,-0.230641293,16
196_P-20_m_S-4_PS-L.wav,P-20,male,30,S-4,PS-L,S,0.266317984,16
197_P-20_m_S-6_PS-L.wav,P-20,male,30,S-6,PS-L,NS,-0.825681655,16
198_P-20_m_S-1_PS-L.wav,P-20,male,30,S-1,PS-L,NS,-0.544922813,16
199_P-20_m_S-2_PS-L.wav,P-20,male,30,S-2,PS-L,NS,-0.310010563,16
200_P-20_m_S-3_PS-L.wav,P-20,male,30,S-3,PS-L,S,0.118997203,16
201_P-09_f_S-3_PS-F.wav,P-09,female,50,S-3,PS-F,S,0.563304622,16
202_P-20_m_S-3_PS-L.wav,P-20,male,30,S-3,PS-L,S,0.431878665,16
203_P-20_m_S-4_PS-L.wav,P-20,male,30,S-4,PS-L,S,0.702529187,16
204_P-20_m_S-5_PS-L.wav,P-20,male,30,S-5,PS-L,S,0.136859714,16
205_P-21_m_S-1_PS-M.wav,P-21,male,25,S-1,PS-M,NS,-0.768934278,16
206_P-21_m_S-2_PS-S.wav,P-21,male,25,S-2,PS-S,S,0.078813168,16
207_P-21_m_S-3_PS-S.wav,P-21,male,25,S-3,PS-S,S,0.745660889,16
208_P-21_m_S-4_PS-S.wav,P-21,male,25,S-4,PS-S,S,0.860427307,16
209_P-21_m_S-5_PS-S.wav,P-21,male,25,S-5,PS-S,S,0.291562066,16
210_P-01_f_S-1_PS-M.wav,P-01,female,20,S-1,PS-M,S,0.376907355,16
211_P-21_m_S-6_PS-S.wav,P-21,male,25,S-6,PS-S,NS,-0.725593834,16
212_P-09_f_S-4_PS-F.wav,P-09,female,50,S-4,PS-F,S,0.566191178,16
213_P-22_m_S-1_PS-L.wav,P-22,male,20,S-1,PS-L,NS,-0.602258993,16
214_P-22_m_S-2_PS-L.wav,P-22,male,20,S-2,PS-L,NS,-0.53397969,16
215_P-22_m_S-3_PS-L.wav,P-22,male,20,S-3,PS-L,NS,-0.228991577,16
216_P-22_m_S-4_PS-L.wav,P-22,male,20,S-4,PS-L,NS,-0.061588758,16
217_P-22_m_S-5_PS-L.wav,P-22,male,20,S-5,PS-L,NS,-0.310138954,16
218_P-22_m_S-6_PS-L.wav,P-22,male,20,S-6,PS-L,NS,-0.050906161,16
219_P-02_f_S-1_PS-L.wav,P-02,female,30,S-1,PS-L,NS,-0.081278028,15
220_P-02_f_S-2_PS-L.wav,P-02,female,30,S-2,PS-L,S,0.979773944,16
221_P-02_f_S-3_PS-L.wav,P-02,female,30,S-3,PS-L,S,1.275905136,16
222_P-02_f_S-4_PS-L.wav,P-02,female,30,S-4,PS-L,S,1.226241544,16
223_P-05_m_S-3_PS-M.wav,P-05,male,25,S-3,PS-M,S,0.497535714,16
224_P-09_f_S-6_PS-F.wav,P-09,female,50,S-6,PS-F,NS,-0.021230156,16
225_P-02_f_S-5_PS-L.wav,P-02,female,30,S-5,PS-L,S,0.54065304,17
226_P-02_f_S-6_PS-L.wav,P-02,female,30,S-6,PS-L,S,0.266352353,17
227_P-23_m_S-1_PS-L.wav,P-23,male,30,S-1,PS-L,NS,-0.500983326,17
228_P-04_m_S-1_PS-M.wav,P-04,male,30,S-1,PS-M,NS,-0.863198438,17
229_P-23_m_S-5_PS-L.wav,P-23,male,30,S-5,PS-L,NS,-0.745154608,17
230_P-23_m_S-1_PS-L.wav,P-23,male,30,S-1,PS-L,NS,-0.625624788,17
231_P-23_m_S-2_PS-L.wav,P-23,male,30,S-2,PS-L,NS,-1.207722985,17
232_P-23_m_S-4_PS-L.wav,P-23,male,30,S-4,PS-L,NS,-0.517730916,17
233_P-23_m_S-5_PS-L.wav,P-23,male,30,S-5,PS-L,NS,-0.679176554,17
234_P-23_m_S-6_PS-L.wav,P-23,male,30,S-6,PS-L,NS,-1.028960775,17
235_P-10_f_S-1_PS-F.wav,P-10,female,65,S-1,PS-F,NS,-0.27013591,16
236_P-04_m_S-1_PS-L.wav,P-04,male,30,S-1,PS-L,NS,-1.245692416,17
237_P-04_m_S-2_PS-L.wav,P-04,male,30,S-2,PS-L,NS,-1.032533767,17
238_P-04_m_S-3_PS-L.wav,P-04,male,30,S-3,PS-L,NS,-0.979881471,17
239_P-04_m_S-4_PS-L.wav,P-04,male,30,S-4,PS-L,NS,-0.603049272,17
240_P-04_m_S-5_PS-M.wav,P-04,male,30,S-5,PS-M,NS,-0.322115673,17
241_P-04_m_S-2_PS-L.wav,P-04,male,30,S-2,PS-L,NS,-0.720769797,17
242_P-04_m_S-4_PS-L.wav,P-04,male,30,S-4,PS-L,NS,-0.41408864,17
243_P-04_m_S-1_PS-L.wav,P-04,male,30,S-1,PS-L,NS,-1.237458953,17
244_P-04_m_S-1_PS-L.wav,P-04,male,30,S-1,PS-L,NS,-1.226424706,17
245_P-04_m_S-1_PS-L.wav,P-04,male,30,S-1,PS-L,NS,-1.011060226,17
246_P-10_f_S-2_PS-F.wav,P-10,female,65,S-2,PS-F,S,1.339662788,16
247_P-04_m_S-2_PS-L.wav,P-04,male,30,S-2,PS-L,NS,-1.099164154,17
248_P-04_m_S-3_PS-L.wav,P-04,male,30,S-3,PS-L,NS,-1.052495771,17
249_P-04_m_S-5_PS-L.wav,P-04,male,30,S-5,PS-L,NS,-0.627701812,17
250_P-04_m_S-6_PS-L.wav,P-04,male,30,S-6,PS-L,NS,-0.543378089,17
251_P-04_m_S-3_PS-L.wav,P-04,male,30,S-3,PS-L,NS,-0.307447446,16
252_P-03_m_S-1_PS-L.wav,P-03,male,20,S-1,PS-L,NS,-0.645834007,16
253_P-03_m_S-2_PS-L.wav,P-03,male,20,S-2,PS-L,NS,-0.379454603,16
254_P-03_m_S-3_PS-L.wav,P-03,male,20,S-3,PS-L,NS,-0.223183042,17
255_P-03_m_S-4_PS-L.wav,P-03,male,20,S-4,PS-L,S,0.435612933,17
256_P-03_m_S-5_PS-L.wav,P-03,male,20,S-5,PS-L,S,0.202811573,17
257_P-10_f_S-3_PS-F.wav,P-10,female,65,S-3,PS-F,S,1.097053507,16
258_P-05_m_S-1_PS-M.wav,P-05,male,25,S-1,PS-M,S,0.067055959,17
259_P-05_m_S-1_PS-M.wav,P-05,male,25,S-1,PS-M,NS,-0.27212879,17
260_P-05_m_S-1_PS-M.wav,P-05,male,25,S-1,PS-M,NS,-0.48829075,17
261_P-05_m_S-2_PS-M.wav,P-05,male,25,S-2,PS-M,NS,-0.190563713,17
262_P-05_m_S-3_PS-M.wav,P-05,male,25,S-3,PS-M,NS,-0.167857453,17
263_P-05_m_S-4_PS-M.wav,P-05,male,25,S-4,PS-M,S,0.268619896,17
264_P-04_m_S-1_PS-S.wav,P-04,male,30,S-1,PS-S,NS,-0.710003293,17
265_P-05_m_S-5_PS-M.wav,P-05,male,25,S-5,PS-M,NS,-0.188547108,17
266_P-06_f_S-1_PS-M.wav,P-06,female,25,S-1,PS-M,NS,-0.453937242,17
267_P-06_f_S-3_PS-M.wav,P-06,female,25,S-3,PS-M,NS,-0.583198701,17
268_P-10_f_S-5_PS-F.wav,P-10,female,65,S-5,PS-F,S,1.075447639,16
269_P-06_f_S-4_PS-M.wav,P-06,female,25,S-4,PS-M,NS,-0.235295457,17
270_P-06_f_S-5_PS-M.wav,P-06,female,25,S-5,PS-M,S,0.12937241,17
271_P-06_f_S-6_PS-M.wav,P-06,female,25,S-6,PS-M,S,0.08568275,17
272_P-06_f_S-1_PS-M.wav,P-06,female,25,S-1,PS-M,NS,-0.5736896,17
273_P-07_f_S-1_PS-S.wav,P-07,female,40,S-1,PS-S,NS,-1.143988133,17
274_P-07_f_S-3_PS-S.wav,P-07,female,40,S-3,PS-S,S,0.288858235,17
275_P-07_f_S-4_PS-S.wav,P-07,female,40,S-4,PS-S,S,0.619298151,17
276_P-07_f_S-5_PS-S.wav,P-07,female,40,S-5,PS-S,S,0.63605413,17
277_P-07_f_S-6_PS-S.wav,P-07,female,40,S-6,PS-S,S,0.441468786,17
278_P-08_m_S-1_PS-M.wav,P-08,male,20,S-1,PS-M,NS,-0.347885247,17
279_P-10_f_S-6_PS-F.wav,P-10,female,65,S-6,PS-F,S,0.717311063,16
280_P-08_m_S-2_PS-M.wav,P-08,male,20,S-2,PS-M,S,0.362595205,17
281_P-08_m_S-3_PS-M.wav,P-08,male,20,S-3,PS-M,S,0.806777186,17
282_P-08_m_S-3_PS-M.wav,P-08,male,20,S-3,PS-M,S,0.450413475,17
283_P-08_m_S-4_PS-M.wav,P-08,male,20,S-4,PS-M,S,0.149554969,17
284_P-08_m_S-5_PS-F.wav,P-08,male,20,S-5,PS-F,S,0.206298949,17
285_P-08_m_S-6_PS-M.wav,P-08,male,20,S-6,PS-M,NS,-0.280198094,17
286_P-09_f_S-1_PS-M.wav,P-09,female,50,S-1,PS-M,NS,-0.562499836,17
287_P-09_f_S-2_PS-M.wav,P-09,female,50,S-2,PS-M,S,0.255973994,17
288_P-09_f_S-3_PS-M.wav,P-09,female,50,S-3,PS-M,S,0.366794328,17
289_P-09_f_S-4_PS-M.wav,P-09,female,50,S-4,PS-M,S,0.167637368,17
290_P-11_m_S-1_PS-M.wav,P-11,male,50,S-1,PS-M,NS,-0.765196033,16
291_P-09_f_S-5_PS-M.wav,P-09,female,50,S-5,PS-M,S,0.230209189,17
292_P-10_f_S-1_PS-M.wav,P-10,female,65,S-1,PS-M,NS,-0.017889679,17
293_P-10_f_S-2_PS-M.wav,P-10,female,65,S-2,PS-M,S,0.432413121,17
294_P-10_f_S-3_PS-M.wav,P-10,female,65,S-3,PS-M,S,0.63483726,17
295_P-10_f_S-5_PS-M.wav,P-10,female,65,S-5,PS-M,S,0.492422333,17
296_P-10_f_S-6_PS-S.wav,P-10,female,65,S-6,PS-S,S,0.27957027,17
297_P-11_m_S-2_PS-M.wav,P-11,male,50,S-2,PS-M,NS,-0.040389463,17
298_P-11_m_S-3_PS-M.wav,P-11,male,50,S-3,PS-M,S,0.095829003,17
299_P-11_m_S-4_PS-M.wav,P-11,male,50,S-4,PS-M,NS,-0.13738671,17
300_P-11_m_S-5_PS-M.wav,P-11,male,50,S-5,PS-M,NS,-0.195859714,17
301_P-11_m_S-2_PS-M.wav,P-11,male,50,S-2,PS-M,NS,-0.238242258,16
302_P-11_m_S-6_PS-M.wav,P-11,male,50,S-6,PS-M,NS,-0.410866582,17
303_P-12_m_S-1_PS-M.wav,P-12,male,30,S-1,PS-M,NS,-0.043613102,17
304_P-12_m_S-2_PS-M.wav,P-12,male,30,S-2,PS-M,S,0.376199371,17
305_P-12_m_S-2_PS-M.wav,P-12,male,30,S-2,PS-M,S,0.400403759,17
306_P-12_m_S-4_PS-M.wav,P-12,male,30,S-4,PS-M,S,0.503376545,17
307_P-12_m_S-5_PS-M.wav,P-12,male,30,S-5,PS-M,S,0.624174057,17
308_P-12_m_S-6_PS-M.wav,P-12,male,30,S-6,PS-M,NS,-0.011975654,17
309_P-13_m_S-1_PS-M.wav,P-13,male,25,S-1,PS-M,NS,-0.938818994,17
310_P-13_m_S-2_PS-M.wav,P-13,male,25,S-2,PS-M,S,0.118976135,17
311_P-13_m_S-3_PS-M.wav,P-13,male,25,S-3,PS-M,S,0.155009742,17
312_P-11_m_S-3_PS-M.wav,P-11,male,50,S-3,PS-M,NS,-0.591643376,16
313_P-13_m_S-6_PS-M.wav,P-13,male,25,S-6,PS-M,NS,-0.416217558,17
314_P-14_f_S-1_PS-M.wav,P-14,female,20,S-1,PS-M,NS,-0.48653161,17
315_P-14_f_S-3_PS-M.wav,P-14,female,20,S-3,PS-M,S,0.581199698,17
316_P-14_f_S-4_PS-M.wav,P-14,female,20,S-4,PS-M,S,0.475853765,17
317_P-14_f_S-5_PS-M.wav,P-14,female,20,S-5,PS-M,S,0.763095111,17
318_P-16_m_S-6_PS-M.wav,P-16,male,25,S-6,PS-M,S,0.399663457,17
319_P-16_m_S-3_PS-M.wav,P-16,male,25,S-3,PS-M,NS,-0.152216337,17
320_P-16_m_S-5_PS-M.wav,P-16,male,25,S-5,PS-M,NS,-0.112481446,17
321_P-16_m_S-6_PS-M.wav,P-16,male,25,S-6,PS-M,NS,-0.436238965,17
322_P-16_m_S-1_PS-M.wav,P-16,male,25,S-1,PS-M,NS,-0.454831357,17
323_P-11_m_S-4_PS-M.wav,P-11,male,50,S-4,PS-M,NS,-0.191095992,16
324_P-16_m_S-3_PS-M.wav,P-16,male,25,S-3,PS-M,NS,-0.202072677,17
325_P-16_m_S-2_PS-M.wav,P-16,male,25,S-2,PS-M,S,0.023273707,17
326_P-16_m_S-4_PS-S.wav,P-16,male,25,S-4,PS-S,NS,-0.228971061,17
327_P-16_m_S-5_PS-M.wav,P-16,male,25,S-5,PS-M,NS,-0.209046641,17
328_P-16_m_S-6_PS-M.wav,P-16,male,25,S-6,PS-M,NS,-0.599574591,17
329_P-15_f_S-1_PS-M.wav,P-15,female,25,S-1,PS-M,NS,-0.701079098,17
330_P-15_f_S-2_PS-M.wav,P-15,female,25,S-2,PS-M,S,0.391530911,17
331_P-15_f_S-3_PS-M.wav,P-15,female,25,S-3,PS-M,S,0.522342426,17
332_P-16_m_S-1_PS-M.wav,P-16,male,25,S-1,PS-M,S,0.949581974,17
333_P-15_f_S-5_PS-M.wav,P-15,female,25,S-5,PS-M,S,0.877389526,17
334_P-05_m_S-4_PS-M.wav,P-05,male,25,S-4,PS-M,S,1.270951133,16
335_P-11_m_S-5_PS-M.wav,P-11,male,50,S-5,PS-M,NS,-0.237642142,16
336_P-15_f_S-6_PS-M.wav,P-15,female,25,S-6,PS-M,S,0.260383981,17
337_P-18_f_S-1_PS-M.wav,P-18,female,20,S-1,PS-M,NS,-0.006150352,17
338_P-18_f_S-2_PS-M.wav,P-18,female,20,S-2,PS-M,S,0.422105544,17
339_P-18_f_S-3_PS-M.wav,P-18,female,20,S-3,PS-M,S,0.229381726,17
340_P-18_f_S-4_PS-M.wav,P-18,female,20,S-4,PS-M,S,0.599032722,17
341_P-18_f_S-5_PS-M.wav,P-18,female,20,S-5,PS-M,S,0.759645753,17
342_P-18_f_S-6_PS-M.wav,P-18,female,20,S-6,PS-M,S,0.324513841,17
343_P-19_f_S-1_PS-M.wav,P-19,female,30,S-1,PS-M,NS,-0.757941982,17
344_P-19_f_S-2_PS-M.wav,P-19,female,30,S-2,PS-M,S,0.412702297,17
345_P-19_f_S-3_PS-M.wav,P-19,female,30,S-3,PS-M,S,0.488480775,17
346_P-11_m_S-6_PS-M.wav,P-11,male,50,S-6,PS-M,NS,-0.756714165,16
347_P-19_f_S-4_PS-M.wav,P-19,female,30,S-4,PS-M,S,0.047650956,17
348_P-19_f_S-4_PS-M.wav,P-19,female,30,S-4,PS-M,S,0.090262886,17
349_P-19_f_S-5_PS-M.wav,P-19,female,30,S-5,PS-M,S,0.35284024,17
350_P-19_f_S-6_PS-M.wav,P-19,female,30,S-6,PS-M,NS,-0.206184227,17
351_P-20_m_S-1_PS-M.wav,P-20,male,30,S-1,PS-M,NS,-0.476787854,17
352_P-20_m_S-2_PS-M.wav,P-20,male,30,S-2,PS-M,S,0.021351705,17
353_P-20_m_S-3_PS-M.wav,P-20,male,30,S-3,PS-M,S,0.330938066,17
354_P-20_m_S-4_PS-M.wav,P-20,male,30,S-4,PS-M,S,0.591265294,17
355_P-20_m_S-5_PS-F.wav,P-20,male,30,S-5,PS-F,S,0.435191596,17
356_P-20_m_S-6_PS-M.wav,P-20,male,30,S-6,PS-M,NS,-0.238527795,17
357_P-12_m_S-1_PS-F.wav,P-12,male,30,S-1,PS-F,NS,-0.523364305,16
358_P-21_m_S-1_PS-M.wav,P-21,male,25,S-1,PS-M,NS,-0.287234403,17
359_P-21_m_S-2_PS-M.wav,P-21,male,25,S-2,PS-M,NS,-0.185889763,17
360_P-21_m_S-3_PS-M.wav,P-21,male,25,S-3,PS-M,NS,-0.107079514,17
361_P-21_m_S-4_PS-M.wav,P-21,male,25,S-4,PS-M,S,0.221629111,17
362_P-04_m_S-6_PS-M.wav,P-04,male,30,S-6,PS-M,NS,-1.104652538,17
363_P-21_m_S-5_PS-M.wav,P-21,male,25,S-5,PS-M,S,0.388358281,17
364_P-21_m_S-6_PS-M.wav,P-21,male,25,S-6,PS-M,S,0.075823867,17
365_P-21_m_S-4_PS-L.wav,P-21,male,25,S-4,PS-L,S,0.356238476,17
366_P-22_m_S-1_PS-M.wav,P-22,male,20,S-1,PS-M,NS,-0.457699661,17
367_P-22_m_S-1_PS-M.wav,P-22,male,20,S-1,PS-M,NS,-0.404974533,17
368_P-12_m_S-2_PS-F.wav,P-12,male,30,S-2,PS-F,S,0.214915171,16
369_P-22_m_S-2_PS-M.wav,P-22,male,20,S-2,PS-M,S,0.15444351,17
370_P-22_m_S-3_PS-M.wav,P-22,male,20,S-3,PS-M,S,0.536974063,17
371_P-22_m_S-4_PS-M.wav,P-22,male,20,S-4,PS-M,S,0.632465376,17
372_P-22_m_S-5_PS-M.wav,P-22,male,20,S-5,PS-M,S,0.548086788,16
373_P-22_m_S-6_PS-M.wav,P-22,male,20,S-6,PS-M,S,0.100744389,17
374_P-22_m_S-1_PS-M.wav,P-22,male,20,S-1,PS-M,NS,-0.383307839,17
375_P-22_m_S-2_PS-M.wav,P-22,male,20,S-2,PS-M,NS,-0.040422567,17
376_P-22_m_S-5_PS-M.wav,P-22,male,20,S-5,PS-M,NS,-0.001624418,16
377_P-22_m_S-6_PS-L.wav,P-22,male,20,S-6,PS-L,NS,-0.365443481,17
378_P-19_f_S-1_PS-M.wav,P-19,female,30,S-1,PS-M,NS,-0.053345185,17
379_P-12_m_S-2_PS-F.wav,P-12,male,30,S-2,PS-F,S,0.322769519,16
380_P-19_f_S-2_PS-M.wav,P-19,female,30,S-2,PS-M,S,0.408568262,17
381_P-19_f_S-3_PS-M.wav,P-19,female,30,S-3,PS-M,S,0.773086225,17
382_P-19_f_S-4_PS-M.wav,P-19,female,30,S-4,PS-M,S,0.570159864,17
383_P-04_m_S-5_PS-S.wav,P-04,male,30,S-5,PS-S,NS,-0.577016894,17
384_P-19_f_S-5_PS-S.wav,P-19,female,30,S-5,PS-S,S,0.89020702,17
385_P-19_f_S-6_PS-S.wav,P-19,female,30,S-6,PS-S,S,0.481008996,17
386_P-04_m_S-2_PS-M.wav,P-04,male,30,S-2,PS-M,NS,-0.352024165,17
387_P-04_m_S-2_PS-M.wav,P-04,male,30,S-2,PS-M,NS,-0.137507952,17
388_P-04_m_S-2_PS-M.wav,P-04,male,30,S-2,PS-M,S,0.136842501,17
389_P-04_m_S-3_PS-M.wav,P-04,male,30,S-3,PS-M,S,0.190875573,17
390_P-12_m_S-1_PS-F.wav,P-12,male,30,S-1,PS-F,NS,-0.399642142,16
391_P-04_m_S-4_PS-M.wav,P-04,male,30,S-4,PS-M,NS,-0.145078568,16
392_P-04_m_S-5_PS-M.wav,P-04,male,30,S-5,PS-M,NS,-0.179130091,17
393_P-04_m_S-6_PS-M.wav,P-04,male,30,S-6,PS-M,NS,-0.365886566,17
394_P-04_m_S-4_PS-M.wav,P-04,male,30,S-4,PS-M,NS,-0.168490547,17
395_P-01_f_S-1_PS-M.wav,P-01,female,20,S-1,PS-M,NS,-0.237814218,17
396_P-01_f_S-2_PS-M.wav,P-01,female,20,S-2,PS-M,S,0.305001281,17
397_P-01_f_S-3_PS-M.wav,P-01,female,20,S-3,PS-M,S,0.426090182,17
398_P-01_f_S-2_PS-M.wav,P-01,female,20,S-2,PS-M,S,0.550199246,17
399_P-01_f_S-5_PS-F.wav,P-01,female,20,S-5,PS-F,S,0.449853947,17
400_P-01_f_S-6_PS-M.wav,P-01,female,20,S-6,PS-M,S,0.209940112,16
401_P-12_m_S-2_PS-F.wav,P-12,male,30,S-2,PS-F,S,0.086200733,16
402_P-03_m_S-2_PS-M.wav,P-03,male,20,S-2,PS-M,S,0.88348654,16
403_P-03_m_S-2_PS-M.wav,P-03,male,20,S-2,PS-M,S,0.928765271,17
404_P-03_m_S-3_PS-M.wav,P-03,male,20,S-3,PS-M,S,0.870124687,17
405_P-03_m_S-3_PS-M.wav,P-03,male,20,S-3,PS-M,S,0.826627299,17
406_P-03_m_S-1_PS-S.wav,P-03,male,20,S-1,PS-S,S,0.391843403,17
407_P-03_m_S-2_PS-S.wav,P-03,male,20,S-2,PS-S,S,0.951820849,17
408_P-03_m_S-2_PS-M.wav,P-03,male,20,S-2,PS-M,S,0.93859324,17
409_P-03_m_S-3_PS-M.wav,P-03,male,20,S-3,PS-M,S,1.004934316,17
410_P-03_m_S-4_PS-M.wav,P-03,male,20,S-4,PS-M,S,0.769118528,17
411_P-03_m_S-5_PS-M.wav,P-03,male,20,S-5,PS-M,S,0.824717486,17
412_P-12_m_S-2_PS-F.wav,P-12,male,30,S-2,PS-F,NS,-0.034861838,16
413_P-03_m_S-5_PS-M.wav,P-03,male,20,S-5,PS-M,S,0.720367732,17
414_P-05_m_S-1_PS-S.wav,P-05,male,25,S-1,PS-S,NS,-0.205533733,17
415_P-05_m_S-2_PS-S.wav,P-05,male,25,S-2,PS-S,S,0.546524011,17
416_P-05_m_S-3_PS-S.wav,P-05,male,25,S-3,PS-S,S,0.719368891,17
417_P-05_m_S-5_PS-M.wav,P-05,male,25,S-5,PS-M,S,0.72483048,17
418_P-07_f_S-4_PS-S.wav,P-07,female,40,S-4,PS-S,S,0.53283171,17
419_P-07_f_S-5_PS-F.wav,P-07,female,40,S-5,PS-F,S,0.163576683,17
420_P-07_f_S-6_PS-S.wav,P-07,female,40,S-6,PS-S,S,0.168279475,17
421_P-06_f_S-3_PS-S.wav,P-06,female,25,S-3,PS-S,S,0.46789566,17
422_P-06_f_S-6_PS-S.wav,P-06,female,25,S-6,PS-S,NS,-0.178824738,17
423_P-12_m_S-4_PS-F.wav,P-12,male,30,S-4,PS-F,S,0.397121831,16
424_P-06_f_S-1_PS-S.wav,P-06,female,25,S-1,PS-S,NS,-0.161792002,17
425_P-06_f_S-5_PS-S.wav,P-06,female,25,S-5,PS-S,S,0.29537336,17
426_P-06_f_S-6_PS-S.wav,P-06,female,25,S-6,PS-S,S,0.206130215,17
427_P-08_m_S-1_PS-S.wav,P-08,male,20,S-1,PS-S,NS,-0.362063162,17
428_P-08_m_S-3_PS-S.wav,P-08,male,20,S-3,PS-S,S,0.094559336,17
429_P-08_m_S-4_PS-S.wav,P-08,male,20,S-4,PS-S,S,0.309091613,17
430_P-08_m_S-5_PS-S.wav,P-08,male,20,S-5,PS-S,S,0.313871345,17
431_P-08_m_S-6_PS-S.wav,P-08,male,20,S-6,PS-S,S,0.065868229,17
432_P-09_f_S-3_PS-S.wav,P-09,female,50,S-3,PS-S,S,0.354255036,17
433_P-09_f_S-4_PS-S.wav,P-09,female,50,S-4,PS-S,S,0.3626417,17
434_P-12_m_S-2_PS-L.wav,P-12,male,30,S-2,PS-L,S,0.96188235,16
435_P-09_f_S-4_PS-S.wav,P-09,female,50,S-4,PS-S,S,0.206719509,17
436_P-09_f_S-5_PS-S.wav,P-09,female,50,S-5,PS-S,S,0.508172038,17
437_P-09_f_S-6_PS-S.wav,P-09,female,50,S-6,PS-S,S,0.253469706,15
438_P-10_f_S-1_PS-S.wav,P-10,female,65,S-1,PS-S,NS,-0.641640331,17
439_P-10_f_S-2_PS-S.wav,P-10,female,65,S-2,PS-S,S,0.037527885,13
440_P-10_f_S-3_PS-S.wav,P-10,female,65,S-3,PS-S,S,0.631919766,14
441_P-10_f_S-4_PS-S.wav,P-10,female,65,S-4,PS-S,S,0.568248934,17
442_P-10_f_S-5_PS-S.wav,P-10,female,65,S-5,PS-S,S,1.021419447,17
443_P-10_f_S-6_PS-S.wav,P-10,female,65,S-6,PS-S,S,0.556404455,17
444_P-11_m_S-1_PS-L.wav,P-11,male,50,S-1,PS-L,NS,-1.267361393,17
445_P-22_m_S-2_PS-M.wav,P-22,male,20,S-2,PS-M,S,0.276951738,16
446_P-12_m_S-5_PS-F.wav,P-12,male,30,S-5,PS-F,S,0.567695853,16
447_P-11_m_S-2_PS-S.wav,P-11,male,50,S-2,PS-S,NS,-1.200369414,16
448_P-11_m_S-3_PS-S.wav,P-11,male,50,S-3,PS-S,NS,-0.584660674,17
449_P-11_m_S-4_PS-S.wav,P-11,male,50,S-4,PS-S,NS,-0.081535028,17
450_P-11_m_S-5_PS-S.wav,P-11,male,50,S-5,PS-S,NS,-0.284603337,17
451_P-11_m_S-6_PS-S.wav,P-11,male,50,S-6,PS-S,NS,-0.361444527,17
452_P-11_m_S-4_PS-S.wav,P-11,male,50,S-4,PS-S,NS,-0.312232514,17
453_P-12_m_S-1_PS-S.wav,P-12,male,30,S-1,PS-S,NS,-0.348107346,17
454_P-12_m_S-2_PS-S.wav,P-12,male,30,S-2,PS-S,S,0.097358788,17
455_P-12_m_S-4_PS-S.wav,P-12,male,30,S-4,PS-S,S,0.099714281,17
456_P-12_m_S-5_PS-S.wav,P-12,male,30,S-5,PS-S,S,0.129133163,17
457_P-12_m_S-1_PS-F.wav,P-12,male,30,S-1,PS-F,NS,-0.213451954,16
458_P-12_m_S-6_PS-S.wav,P-12,male,30,S-6,PS-S,NS,-0.172983165,17
459_P-13_m_S-4_PS-S.wav,P-13,male,25,S-4,PS-S,S,0.036120874,17
460_P-13_m_S-6_PS-S.wav,P-13,male,25,S-6,PS-S,S,0.32033234,17
461_P-13_m_S-1_PS-S.wav,P-13,male,25,S-1,PS-S,NS,-0.48367393,17
462_P-13_m_S-2_PS-F.wav,P-13,male,25,S-2,PS-F,S,0.356973236,17
463_P-13_m_S-3_PS-S.wav,P-13,male,25,S-3,PS-S,S,0.298782798,17
464_P-13_m_S-4_PS-S.wav,P-13,male,25,S-4,PS-S,S,0.603884296,17
465_P-13_m_S-6_PS-S.wav,P-13,male,25,S-6,PS-S,S,0.611234351,16
466_P-14_f_S-1_PS-S.wav,P-14,female,20,S-1,PS-S,NS,-0.339821119,17
467_P-14_f_S-2_PS-S.wav,P-14,female,20,S-2,PS-S,S,0.456439871,17
468_P-12_m_S-2_PS-F.wav,P-12,male,30,S-2,PS-F,S,0.138145702,16
469_P-14_f_S-3_PS-S.wav,P-14,female,20,S-3,PS-S,S,0.847446013,17
470_P-14_f_S-4_PS-S.wav,P-14,female,20,S-4,PS-S,S,0.743897899,17
471_P-14_f_S-1_PS-S.wav,P-14,female,20,S-1,PS-S,S,0.172073041,17
472_P-14_f_S-5_PS-S.wav,P-14,female,20,S-5,PS-S,S,0.537541069,17
473_P-14_f_S-6_PS-S.wav,P-14,female,20,S-6,PS-S,S,0.576824572,17
474_P-15_f_S-2_PS-S.wav,P-15,female,25,S-2,PS-S,S,0.534029785,17
475_P-15_f_S-3_PS-S.wav,P-15,female,25,S-3,PS-S,S,0.466155429,17
476_P-16_m_S-1_PS-S.wav,P-16,male,25,S-1,PS-S,NS,-0.150279101,17
477_P-16_m_S-2_PS-S.wav,P-16,male,25,S-2,PS-S,S,0.349273628,17
478_P-16_m_S-3_PS-S.wav,P-16,male,25,S-3,PS-S,S,0.133724863,17
479_P-12_m_S-2_PS-F.wav,P-12,male,30,S-2,PS-F,S,0.262551678,16
480_P-16_m_S-4_PS-S.wav,P-16,male,25,S-4,PS-S,S,0.096900637,17
481_P-16_m_S-1_PS-S.wav,P-16,male,25,S-1,PS-S,NS,-0.063476093,16
482_P-16_m_S-2_PS-M.wav,P-16,male,25,S-2,PS-M,S,0.177367589,17
483_P-16_m_S-3_PS-S.wav,P-16,male,25,S-3,PS-S,S,0.539385244,17
484_P-16_m_S-4_PS-S.wav,P-16,male,25,S-4,PS-S,S,0.324017481,17
485_P-16_m_S-5_PS-S.wav,P-16,male,25,S-5,PS-S,S,0.014143245,16
486_P-16_m_S-6_PS-S.wav,P-16,male,25,S-6,PS-S,NS,-0.222104221,16
487_P-17_f_S-2_PS-S.wav,P-17,female,25,S-2,PS-S,S,0.73636912,17
488_P-17_f_S-3_PS-S.wav,P-17,female,25,S-3,PS-S,S,1.013181788,17
489_P-17_f_S-4_PS-S.wav,P-17,female,25,S-4,PS-S,S,0.767655415,17
490_P-12_m_S-5_PS-F.wav,P-12,male,30,S-5,PS-F,S,0.150686174,16
491_P-17_f_S-6_PS-S.wav,P-17,female,25,S-6,PS-S,S,0.632668728,17
492_P-17_f_S-1_PS-S.wav,P-17,female,25,S-1,PS-S,S,0.644012092,17
493_P-17_f_S-2_PS-M.wav,P-17,female,25,S-2,PS-M,S,0.734279665,17
494_P-18_f_S-1_PS-S.wav,P-18,female,20,S-1,PS-S,NS,-0.322536472,17
495_P-18_f_S-2_PS-S.wav,P-18,female,20,S-2,PS-S,S,0.198519782,17
496_P-18_f_S-3_PS-S.wav,P-18,female,20,S-3,PS-S,S,0.432615697,17
497_P-18_f_S-4_PS-S.wav,P-18,female,20,S-4,PS-S,S,0.820529866,17
498_P-18_f_S-5_PS-S.wav,P-18,female,20,S-5,PS-S,S,0.452557812,17
499_P-18_f_S-6_PS-S.wav,P-18,female,20,S-6,PS-S,S,0.055761738,17
500_P-19_f_S-6_PS-S.wav,P-19,female,30,S-6,PS-S,S,0.334870052,17
501_P-23_m_S-3_PS-L.wav,P-23,male,30,S-3,PS-L,NS,-0.517141439,16
502_P-19_f_S-3_PS-M.wav,P-19,female,30,S-3,PS-M,S,0.515416717,17
503_P-19_f_S-4_PS-S.wav,P-19,female,30,S-4,PS-S,S,0.516162723,17
504_P-04_m_S-4_PS-S.wav,P-04,male,30,S-4,PS-S,NS,-0.961154292,17
505_P-19_f_S-5_PS-S.wav,P-19,female,30,S-5,PS-S,S,0.623767268,17
506_P-19_f_S-6_PS-S.wav,P-19,female,30,S-6,PS-S,S,0.344821234,17
507_P-04_m_S-3_PS-S.wav,P-04,male,30,S-3,PS-S,NS,-0.71087174,17
508_P-20_m_S-1_PS-S.wav,P-20,male,30,S-1,PS-S,S,0.197199591,17
509_P-20_m_S-2_PS-S.wav,P-20,male,30,S-2,PS-S,S,0.85810114,17
510_P-20_m_S-3_PS-S.wav,P-20,male,30,S-3,PS-S,S,0.995298652,17
511_P-20_m_S-4_PS-S.wav,P-20,male,30,S-4,PS-S,S,0.807924638,17
512_P-12_m_S-6_PS-F.wav,P-12,male,30,S-6,PS-F,S,0.078686243,16
513_P-20_m_S-5_PS-S.wav,P-20,male,30,S-5,PS-S,S,0.915643918,17
514_P-20_m_S-6_PS-S.wav,P-20,male,30,S-6,PS-S,S,0.217021715,17
515_P-21_m_S-1_PS-S.wav,P-21,male,25,S-1,PS-S,NS,-0.855782612,17
516_P-21_m_S-2_PS-S.wav,P-21,male,25,S-2,PS-S,NS,-0.782172654,17
517_P-21_m_S-3_PS-M.wav,P-21,male,25,S-3,PS-M,NS,-0.576160968,17
518_P-21_m_S-5_PS-S.wav,P-21,male,25,S-5,PS-S,NS,-0.672348614,17
519_P-21_m_S-6_PS-S.wav,P-21,male,25,S-6,PS-S,NS,-0.82390322,17
520_P-22_m_S-1_PS-S.wav,P-22,male,20,S-1,PS-S,NS,-0.329013994,17
521_P-22_m_S-2_PS-S.wav,P-22,male,20,S-2,PS-S,S,0.171021024,17
522_P-22_m_S-3_PS-S.wav,P-22,male,20,S-3,PS-S,S,0.04801257,17
523_P-03_m_S-3_PS-M.wav,P-03,male,20,S-3,PS-M,S,1.539119993,16
524_P-22_m_S-4_PS-S.wav,P-22,male,20,S-4,PS-S,NS,-0.014854852,17
525_P-22_m_S-5_PS-S.wav,P-22,male,20,S-5,PS-S,NS,-0.012978852,17
526_P-02_f_S-1_PS-M.wav,P-02,female,30,S-1,PS-M,NS,-0.007250725,17
527_P-02_f_S-2_PS-S.wav,P-02,female,30,S-2,PS-S,S,0.622938705,17
528_P-02_f_S-3_PS-S.wav,P-02,female,30,S-3,PS-S,S,0.917751831,17
529_P-23_m_S-1_PS-S.wav,P-23,male,30,S-1,PS-S,NS,-0.596528597,17
530_P-23_m_S-2_PS-S.wav,P-23,male,30,S-2,PS-S,NS,-0.10197384,17
531_P-23_m_S-3_PS-S.wav,P-23,male,30,S-3,PS-S,S,0.039140781,17
532_P-23_m_S-4_PS-S.wav,P-23,male,30,S-4,PS-S,NS,-0.126850585,17
533_P-23_m_S-5_PS-S.wav,P-23,male,30,S-5,PS-S,S,0.070920377,17
534_P-13_m_S-1_PS-F.wav,P-13,male,25,S-1,PS-F,NS,-0.994790629,16
535_P-23_m_S-6_PS-S.wav,P-23,male,30,S-6,PS-S,NS,-0.000549317,17
536_P-04_m_S-1_PS-S.wav,P-04,male,30,S-1,PS-S,NS,-0.580571375,17
537_P-04_m_S-2_PS-S.wav,P-04,male,30,S-2,PS-S,NS,-0.636458625,17
538_P-06_f_S-6_PS-S.wav,P-06,female,25,S-6,PS-S,S,0.336627124,17
539_P-21_m_S-1_PS-M.wav,P-21,male,25,S-1,PS-M,NS,-0.397026436,15
540_P-21_m_S-6_PS-F.wav,P-21,male,25,S-6,PS-F,NS,-0.943696048,17
541_P-23_m_S-3_PS-L.wav,P-23,male,30,S-3,PS-L,NS,-0.228238813,17
542_P-18_f_S-1_PS-M.wav,P-18,female,20,S-1,PS-M,NS,-0.295586002,17
543_P-21_m_S-5_PS-L.wav,P-21,male,25,S-5,PS-L,NS,-0.086189334,17
544_P-09_f_S-3_PS-M.wav,P-09,female,50,S-3,PS-M,S,0.412354074,17
545_P-13_m_S-2_PS-F.wav,P-13,male,25,S-2,PS-F,NS,-0.276426838,16
546_P-14_f_S-3_PS-M.wav,P-14,female,20,S-3,PS-M,S,0.789694134,17
547_P-17_f_S-4_PS-M.wav,P-17,female,25,S-4,PS-M,S,0.740011371,17
548_P-18_f_S-2_PS-L.wav,P-18,female,20,S-2,PS-L,S,0.50922934,17
549_P-12_m_S-5_PS-S.wav,P-12,male,30,S-5,PS-S,NS,-0.02685595,17
550_P-02_f_S-5_PS-M.wav,P-02,female,30,S-5,PS-M,S,0.254435412,16
551_P-06_f_S-3_PS-M.wav,P-06,female,25,S-3,PS-M,S,0.018374188,17
552_P-24_m_S-1_PS-S.wav,P-24,male,25,S-1,PS-S,NS,-0.220222589,17
553_P-24_m_S-2_PS-S.wav,P-24,male,25,S-2,PS-S,NS,-0.045308662,17
554_P-24_m_S-3_PS-S.wav,P-24,male,25,S-3,PS-S,S,0.084710556,17
555_P-24_m_S-4_PS-S.wav,P-24,male,25,S-4,PS-S,S,0.126906968,17
556_P-05_m_S-5_PS-M.wav,P-05,male,25,S-5,PS-M,NS,-0.0506743,16
557_P-13_m_S-3_PS-F.wav,P-13,male,25,S-3,PS-F,S,0.198801534,16
558_P-24_m_S-5_PS-S.wav,P-24,male,25,S-5,PS-S,S,0.344773252,16
559_P-24_m_S-6_PS-S.wav,P-24,male,25,S-6,PS-S,S,0.20636528,16
560_P-24_m_S-1_PS-S.wav,P-24,male,25,S-1,PS-S,NS,-0.305841426,15
561_P-24_m_S-2_PS-S.wav,P-24,male,25,S-2,PS-S,S,0.38854287,16
562_P-24_m_S-3_PS-S.wav,P-24,male,25,S-3,PS-S,S,0.249930127,16
563_P-24_m_S-4_PS-S.wav,P-24,male,25,S-4,PS-S,S,0.31382693,16
564_P-24_m_S-4_PS-S.wav,P-24,male,25,S-4,PS-S,S,0.312937674,16
565_P-24_m_S-5_PS-S.wav,P-24,male,25,S-5,PS-S,S,0.480899232,16
566_P-24_m_S-6_PS-S.wav,P-24,male,25,S-6,PS-S,S,0.319022499,16
567_P-24_m_S-1_PS-S.wav,P-24,male,25,S-1,PS-S,NS,-0.246508933,16
568_P-13_m_S-4_PS-F.wav,P-13,male,25,S-4,PS-F,S,0.398359874,16
569_P-24_m_S-1_PS-L.wav,P-24,male,25,S-1,PS-L,NS,-0.70312664,16
570_P-24_m_S-1_PS-L.wav,P-24,male,25,S-1,PS-L,NS,-0.237533495,16
571_P-26_f_S-1_PS-S.wav,P-26,female,25,S-1,PS-S,S,0.026946956,16
572_P-26_f_S-2_PS-S.wav,P-26,female,25,S-2,PS-S,S,0.095986718,16
573_P-26_f_S-4_PS-S.wav,P-26,female,25,S-4,PS-S,NS,-0.13877623,16
574_P-26_f_S-5_PS-S.wav,P-26,female,25,S-5,PS-S,S,0.113675358,16
575_P-26_f_S-4_PS-L.wav,P-26,female,25,S-4,PS-L,NS,-0.721409933,16
576_P-26_f_S-6_PS-S.wav,P-26,female,25,S-6,PS-S,NS,-0.744543482,16
577_P-26_f_S-6_PS-L.wav,P-26,female,25,S-6,PS-L,NS,-0.729123803,15
578_P-26_f_S-1_PS-L.wav,P-26,female,25,S-1,PS-L,NS,-0.99042598,16
579_P-12_m_S-3_PS-S.wav,P-12,male,30,S-3,PS-S,S,0.19310412,16
580_P-26_f_S-2_PS-L.wav,P-26,female,25,S-2,PS-L,NS,-1.069383937,16
581_P-26_f_S-5_PS-L.wav,P-26,female,25,S-5,PS-L,NS,-0.983051824,16
582_P-26_f_S-4_PS-L.wav,P-26,female,25,S-4,PS-L,NS,-1.022079752,16
583_P-26_f_S-6_PS-L.wav,P-26,female,25,S-6,PS-L,NS,-1.239466424,16
584_P-25_f_S-1_PS-S.wav,P-25,female,30,S-1,PS-S,S,0.217428761,16
585_P-25_f_S-2_PS-S.wav,P-25,female,30,S-2,PS-S,S,0.422839084,15
586_P-25_f_S-3_PS-S.wav,P-25,female,30,S-3,PS-S,S,0.46975499,16
587_P-25_f_S-4_PS-S.wav,P-25,female,30,S-4,PS-S,S,0.479488829,16
588_P-25_f_S-5_PS-S.wav,P-25,female,30,S-5,PS-S,S,0.671287833,15
589_P-25_f_S-6_PS-S.wav,P-25,female,30,S-6,PS-S,S,0.227886312,16
590_P-13_m_S-6_PS-S.wav,P-13,male,25,S-6,PS-S,NS,-0.470629174,16
591_P-25_f_S-1_PS-M.wav,P-25,female,30,S-1,PS-M,NS,-0.383506421,16
592_P-25_f_S-2_PS-M.wav,P-25,female,30,S-2,PS-M,S,0.406396359,16
593_P-25_f_S-3_PS-M.wav,P-25,female,30,S-3,PS-M,S,0.702310967,16
594_P-25_f_S-4_PS-M.wav,P-25,female,30,S-4,PS-M,S,0.707751589,16
595_P-25_f_S-5_PS-M.wav,P-25,female,30,S-5,PS-M,S,0.264695976,15
596_P-25_f_S-6_PS-M.wav,P-25,female,30,S-6,PS-M,S,0.002755274,16
597_P-26_f_S-1_PS-M.wav,P-26,female,25,S-1,PS-M,S,0.472661331,16
598_P-26_f_S-2_PS-S.wav,P-26,female,25,S-2,PS-S,S,0.460751917,16
599_P-26_f_S-2_PS-S.wav,P-26,female,25,S-2,PS-S,S,0.456341435,16
600_P-26_f_S-4_PS-S.wav,P-26,female,25,S-4,PS-S,S,0.273916262,16
601_P-14_f_S-1_PS-F.wav,P-14,female,20,S-1,PS-F,NS,-0.228020082,16
602_P-26_f_S-5_PS-S.wav,P-26,female,25,S-5,PS-S,S,0.468719108,16
603_P-26_f_S-6_PS-S.wav,P-26,female,25,S-6,PS-S,S,0.256757254,16
604_P-26_f_S-2_PS-S.wav,P-26,female,25,S-2,PS-S,S,0.016173931,16
605_P-26_f_S-4_PS-L.wav,P-26,female,25,S-4,PS-L,NS,-0.15823986,16
606_P-26_f_S-5_PS-L.wav,P-26,female,25,S-5,PS-L,S,0.025597214,16
607_P-26_f_S-6_PS-L.wav,P-26,female,25,S-6,PS-L,NS,-0.630937519,16
608_P-26_f_S-1_PS-L.wav,P-26,female,25,S-1,PS-L,NS,-0.852147697,16
609_P-26_f_S-6_PS-M.wav,P-26,female,25,S-6,PS-M,NS,-0.308952122,16
610_P-26_f_S-5_PS-M.wav,P-26,female,25,S-5,PS-M,S,0.14773031,16
611_P-26_f_S-4_PS-M.wav,P-26,female,25,S-4,PS-M,S,0.249748579,16
612_P-14_f_S-6_PS-F.wav,P-14,female,20,S-6,PS-F,S,0.61340364,16
613_P-26_f_S-1_PS-S.wav,P-26,female,25,S-1,PS-S,S,0.449901298,16
614_P-26_f_S-2_PS-S.wav,P-26,female,25,S-2,PS-S,S,0.697917789,16
615_P-26_f_S-2_PS-S.wav,P-26,female,25,S-2,PS-S,S,0.64515264,16
616_P-26_f_S-4_PS-L.wav,P-26,female,25,S-4,PS-L,S,0.734367259,15
617_P-26_f_S-5_PS-L.wav,P-26,female,25,S-5,PS-L,S,0.452947411,16
618_P-26_f_S-5_PS-L.wav,P-26,female,25,S-5,PS-L,S,0.110022806,16
619_P-26_f_S-6_PS-L.wav,P-26,female,25,S-6,PS-L,NS,-0.361819492,16
620_P-26_f_S-1_PS-L.wav,P-26,female,25,S-1,PS-L,NS,-1.414840393,16
621_P-26_f_S-4_PS-L.wav,P-26,female,25,S-4,PS-L,NS,-1.357839465,16
622_P-26_f_S-6_PS-L.wav,P-26,female,25,S-6,PS-L,NS,-0.860921897,16
623_P-14_f_S-3_PS-F.wav,P-14,female,20,S-3,PS-F,S,1.422729081,15
624_P-26_f_S-1_PS-L.wav,P-26,female,25,S-1,PS-L,NS,-0.965419323,16
625_P-26_f_S-2_PS-L.wav,P-26,female,25,S-2,PS-L,NS,-1.045303201,16
626_P-26_f_S-5_PS-L.wav,P-26,female,25,S-5,PS-L,NS,-0.328400998,16
627_P-26_f_S-4_PS-L.wav,P-26,female,25,S-4,PS-L,NS,-0.369702887,16
628_P-26_f_S-6_PS-L.wav,P-26,female,25,S-6,PS-L,NS,-1.223053104,16
629_P-26_f_S-1_PS-L.wav,P-26,female,25,S-1,PS-L,NS,-0.697021486,16
630_P-26_f_S-2_PS-L.wav,P-26,female,25,S-2,PS-L,NS,-0.981496235,16
631_P-26_f_S-5_PS-L.wav,P-26,female,25,S-5,PS-L,NS,-0.409094656,16
632_P-26_f_S-4_PS-L.wav,P-26,female,25,S-4,PS-L,S,0.069437141,16
633_P-26_f_S-4_PS-L.wav,P-26,female,25,S-4,PS-L,NS,-0.891111996,16
634_P-14_f_S-4_PS-F.wav,P-14,female,20,S-4,PS-F,S,1.338779966,16
635_P-26_f_S-4_PS-L.wav,P-26,female,25,S-4,PS-L,NS,-0.778459247,15
636_P-26_f_S-5_PS-L.wav,P-26,female,25,S-5,PS-L,NS,-1.065842099,16
637_P-26_f_S-6_PS-L.wav,P-26,female,25,S-6,PS-L,NS,-0.424782906,16
638_P-26_f_S-6_PS-L.wav,P-26,female,25,S-6,PS-L,NS,-0.878950058,16
639_P-26_f_S-1_PS-L.wav,P-26,female,25,S-1,PS-L,NS,-0.713180739,16
640_P-26_f_S-1_PS-L.wav,P-26,female,25,S-1,PS-L,NS,-1.199674317,16
641_P-26_f_S-1_PS-L.wav,P-26,female,25,S-1,PS-L,NS,-1.13266883,16
642_P-26_f_S-1_PS-L.wav,P-26,female,25,S-1,PS-L,NS,-1.172037594,16
643_P-26_f_S-1_PS-L.wav,P-26,female,25,S-1,PS-L,NS,-0.287001898,16
644_P-26_f_S-1_PS-L.wav,P-26,female,25,S-1,PS-L,NS,-0.920434842,16
645_P-17_f_S-1_PS-S.wav,P-17,female,25,S-1,PS-S,S,1.477212362,16
646_P-26_f_S-1_PS-L.wav,P-26,female,25,S-1,PS-L,NS,-0.462007614,16
647_P-26_f_S-1_PS-L.wav,P-26,female,25,S-1,PS-L,S,0.110948988,16
648_P-26_f_S-2_PS-L.wav,P-26,female,25,S-2,PS-L,NS,-0.265371828,16
649_P-26_f_S-4_PS-L.wav,P-26,female,25,S-4,PS-L,NS,-0.365801961,16
650_P-26_f_S-5_PS-L.wav,P-26,female,25,S-5,PS-L,S,0.170525483,16
651_P-26_f_S-6_PS-L.wav,P-26,female,25,S-6,PS-L,NS,-0.339579066,16
652_P-26_f_S-1_PS-L.wav,P-26,female,25,S-1,PS-L,S,1.253215458,16
653_P-26_f_S-1_PS-S.wav,P-26,female,25,S-1,PS-S,NS,-0.15716902,16
654_P-26_f_S-1_PS-S.wav,P-26,female,25,S-1,PS-S,NS,-0.220014835,16
655_P-26_f_S-2_PS-S.wav,P-26,female,25,S-2,PS-S,S,1.178127276,16
656_P-14_f_S-5_PS-F.wav,P-14,female,20,S-5,PS-F,S,0.963506858,16
657_P-26_f_S-5_PS-S.wav,P-26,female,25,S-5,PS-S,S,1.240236472,16
658_P-26_f_S-5_PS-S.wav,P-26,female,25,S-5,PS-S,S,1.172225604,16
659_P-26_f_S-6_PS-S.wav,P-26,female,25,S-6,PS-S,S,0.781714096,15
660_P-26_f_S-1_PS-S.wav,P-26,female,25,S-1,PS-S,NS,-1.346504524,16
661_P-26_f_S-2_PS-L.wav,P-26,female,25,S-2,PS-L,NS,-0.965507565,16
662_P-26_f_S-5_PS-L.wav,P-26,female,25,S-5,PS-L,NS,-0.535471719,16
663_P-26_f_S-4_PS-L.wav,P-26,female,25,S-4,PS-L,NS,-0.835611793,16
664_P-26_f_S-5_PS-L.wav,P-26,female,25,S-5,PS-L,NS,-0.347407387,15
665_P-26_f_S-6_PS-L.wav,P-26,female,25,S-6,PS-L,NS,-1.254384881,15
666_P-26_f_S-1_PS-L.wav,P-26,female,25,S-1,PS-L,NS,-1.045327959,15
667_P-05_m_S-6_PS-M.wav,P-05,male,25,S-6,PS-M,NS,-0.825460436,16
668_P-01_f_S-1_PS-S.wav,P-01,female,20,S-1,PS-S,S,0.265816744,16
669_P-26_f_S-2_PS-L.wav,P-26,female,25,S-2,PS-L,NS,-0.968463118,16
670_P-26_f_S-6_PS-L.wav,P-26,female,25,S-6,PS-L,NS,-0.508152145,16
671_P-26_f_S-1_PS-M.wav,P-26,female,25,S-1,PS-M,S,0.062251405,15
672_P-26_f_S-3_PS-M.wav,P-26,female,25,S-3,PS-M,S,0.828244128,16
673_P-26_f_S-2_PS-M.wav,P-26,female,25,S-2,PS-M,S,1.000844895,16
674_P-26_f_S-4_PS-M.wav,P-26,female,25,S-4,PS-M,S,0.446168915,16
675_P-26_f_S-5_PS-M.wav,P-26,female,25,S-5,PS-M,S,1.065128806,16
676_P-26_f_S-6_PS-M.wav,P-26,female,25,S-6,PS-M,S,0.084750898,16
677_P-26_f_S-1_PS-M.wav,P-26,female,25,S-1,PS-M,S,0.266520488,16
678_P-26_f_S-1_PS-M.wav,P-26,female,25,S-1,PS-M,S,0.33183187,16
679_P-14_f_S-6_PS-F.wav,P-14,female,20,S-6,PS-F,S,0.603025535,16
680_P-26_f_S-1_PS-M.wav,P-26,female,25,S-1,PS-M,S,1.120595496,16
681_P-26_f_S-2_PS-S.wav,P-26,female,25,S-2,PS-S,S,1.723846071,16
682_P-27_m_S-1_PS-S.wav,P-27,male,35,S-1,PS-S,NS,-0.639041126,16
683_P-27_m_S-2_PS-S.wav,P-27,male,35,S-2,PS-S,NS,-0.040899242,16
684_P-27_m_S-3_PS-S.wav,P-27,male,35,S-3,PS-S,S,0.146059654,16
685_P-27_m_S-4_PS-S.wav,P-27,male,35,S-4,PS-S,S,0.203023785,16
686_P-27_m_S-5_PS-S.wav,P-27,male,35,S-5,PS-S,S,0.39456769,16
687_P-27_m_S-6_PS-S.wav,P-27,male,35,S-6,PS-S,NS,-0.057686167,16
688_P-27_m_S-1_PS-L.wav,P-27,male,35,S-1,PS-L,NS,-1.151040944,16
689_P-27_m_S-2_PS-L.wav,P-27,male,35,S-2,PS-L,NS,-1.261028066,16
690_P-03_m_S-3_PS-S.wav,P-03,male,20,S-4,PS-S,S,1.187588931,16
691_P-27_m_S-3_PS-L.wav,P-27,male,35,S-3,PS-L,NS,-1.055010916,16
692_P-27_m_S-4_PS-L.wav,P-27,male,35,S-4,PS-L,NS,-1.12237013,16
693_P-27_m_S-5_PS-L.wav,P-27,male,35,S-5,PS-L,NS,-0.858968535,16
694_P-27_m_S-6_PS-L.wav,P-27,male,35,S-6,PS-L,NS,-0.643936501,16
695_P-27_m_S-1_PS-F.wav,P-27,male,35,S-1,PS-F,NS,-0.679160768,16
696_P-27_m_S-1_PS-F.wav,P-27,male,35,S-1,PS-F,NS,-0.598483861,16
697_P-27_m_S-2_PS-F.wav,P-27,male,35,S-2,PS-F,NS,-1.142778684,16
698_P-26_f_S-6_PS-F.wav,P-26,female,25,S-6,PS-F,NS,-1.166905097,16
699_P-27_m_S-4_PS-F.wav,P-27,male,35,S-4,PS-F,NS,-0.833862541,16
700_P-27_m_S-4_PS-F.wav,P-27,male,35,S-4,PS-F,NS,-0.421160079,16
701_P-14_f_S-1_PS-F.wav,P-14,female,20,S-1,PS-F,NS,-0.70284521,16
702_P-27_m_S-5_PS-F.wav,P-27,male,35,S-5,PS-F,NS,-0.575147351,16
703_P-27_m_S-6_PS-F.wav,P-27,male,35,S-6,PS-F,NS,-0.49059585,16
704_P-27_m_S-1_PS-L.wav,P-27,male,35,S-1,PS-L,NS,-1.255806492,15
705_P-27_m_S-2_PS-L.wav,P-27,male,35,S-2,PS-L,NS,-0.720184556,16
706_P-27_m_S-3_PS-L.wav,P-27,male,35,S-3,PS-L,NS,-0.490451839,15
707_P-27_m_S-4_PS-L.wav,P-27,male,35,S-4,PS-L,NS,-0.431610469,16
708_P-27_m_S-5_PS-L.wav,P-27,male,35,S-5,PS-L,S,0.498287619,16
709_P-27_m_S-6_PS-L.wav,P-27,male,35,S-6,PS-L,S,0.115458569,16
710_P-27_m_S-1_PS-M.wav,P-27,male,35,S-1,PS-M,NS,-0.130628142,16
711_P-27_m_S-2_PS-M.wav,P-27,male,35,S-2,PS-M,S,0.178211339,16
712_P-14_f_S-2_PS-F.wav,P-14,female,20,S-2,PS-F,S,0.505874985,16
713_P-27_m_S-3_PS-M.wav,P-27,male,35,S-3,PS-M,S,0.478158332,16
714_P-27_m_S-4_PS-M.wav,P-27,male,35,S-4,PS-M,S,0.521359734,16
715_P-27_m_S-5_PS-M.wav,P-27,male,35,S-5,PS-M,S,0.837044466,16
716_P-27_m_S-6_PS-M.wav,P-27,male,35,S-6,PS-M,S,0.280867304,16
717_P-27_m_S-1_PS-L.wav,P-27,male,35,S-1,PS-L,NS,-1.401633656,16
718_P-27_m_S-2_PS-L.wav,P-27,male,35,S-2,PS-L,NS,-1.477722828,16
719_P-28_m_S-1_PS-S.wav,P-28,male,35,S-1,PS-S,NS,-0.002716061,16
720_P-28_m_S-2_PS-S.wav,P-28,male,35,S-2,PS-S,S,0.223405421,16
721_P-28_m_S-3_PS-S.wav,P-28,male,35,S-3,PS-S,S,0.166669171,16
722_P-28_m_S-4_PS-S.wav,P-28,male,35,S-4,PS-S,S,0.231710102,16
723_P-15_f_S-1_PS-F.wav,P-15,female,25,S-1,PS-F,NS,-0.537225769,16
724_P-28_m_S-5_PS-S.wav,P-28,male,35,S-5,PS-S,S,0.685056161,16
725_P-28_m_S-6_PS-S.wav,P-28,male,35,S-6,PS-S,S,0.149246224,16
726_P-28_m_S-1_PS-F.wav,P-28,male,35,S-1,PS-F,NS,-0.226605432,16
727_P-28_m_S-2_PS-F.wav,P-28,male,35,S-2,PS-F,S,0.033801065,16
728_P-28_m_S-3_PS-F.wav,P-28,male,35,S-3,PS-F,S,0.164105481,16
729_P-28_m_S-4_PS-F.wav,P-28,male,35,S-4,PS-F,S,0.221274001,16
730_P-28_m_S-5_PS-F.wav,P-28,male,35,S-5,PS-F,S,0.293523758,16
731_P-28_m_S-6_PS-F.wav,P-28,male,35,S-6,PS-F,S,0.131419643,16
732_P-28_m_S-2_PS-F.wav,P-28,male,35,S-2,PS-F,S,0.217781684,15
733_P-28_m_S-1_PS-L.wav,P-28,male,35,S-1,PS-L,NS,-0.749303353,15
734_P-15_f_S-2_PS-F.wav,P-15,female,25,S-2,PS-F,S,0.378451334,16
735_P-28_m_S-2_PS-L.wav,P-28,male,35,S-2,PS-L,NS,-0.235068509,16
736_P-28_m_S-3_PS-L.wav,P-28,male,35,S-3,PS-L,NS,-0.161203611,16
737_P-28_m_S-4_PS-L.wav,P-28,male,35,S-4,PS-L,S,0.241163506,16
738_P-28_m_S-5_PS-L.wav,P-28,male,35,S-5,PS-L,S,0.103464512,16
739_P-28_m_S-6_PS-L.wav,P-28,male,35,S-6,PS-L,NS,-0.117197943,16
740_P-28_m_S-1_PS-L.wav,P-28,male,35,S-1,PS-L,NS,-0.161132674,16
741_P-28_m_S-2_PS-L.wav,P-28,male,35,S-2,PS-L,NS,-0.133641965,16
742_P-28_m_S-3_PS-L.wav,P-28,male,35,S-3,PS-L,S,0.034590045,15
743_P-28_m_S-4_PS-L.wav,P-28,male,35,S-4,PS-L,S,0.110689914,15
744_P-28_m_S-5_PS-L.wav,P-28,male,35,S-5,PS-L,NS,-0.038982532,15
745_P-15_f_S-5_PS-F.wav,P-15,female,25,S-5,PS-F,S,0.133573209,16
746_P-28_m_S-6_PS-L.wav,P-28,male,35,S-6,PS-L,NS,-0.165464146,15
747_P-29_f_S-1_PS-S.wav,P-29,female,26,S-1,PS-S,NS,-0.916458117,15
748_P-29_f_S-2_PS-S.wav,P-29,female,26,S-2,PS-S,NS,-0.848621482,15
749_P-29_f_S-3_PS-S.wav,P-29,female,26,S-3,PS-S,NS,-0.813952722,15
750_P-29_f_S-4_PS-S.wav,P-29,female,26,S-4,PS-S,NS,-0.608358917,15
751_P-29_f_S-5_PS-S.wav,P-29,female,26,S-5,PS-S,NS,-0.692577608,14
752_P-29_f_S-6_PS-S.wav,P-29,female,26,S-6,PS-S,NS,-0.863725469,15
753_P-29_f_S-1_PS-F.wav,P-29,female,26,S-1,PS-F,NS,-1.016722142,15
754_P-29_f_S-2_PS-F.wav,P-29,female,26,S-2,PS-F,NS,-0.937556942,15
755_P-29_f_S-3_PS-F.wav,P-29,female,26,S-3,PS-F,NS,-1.06444474,15
756_P-15_f_S-6_PS-F.wav,P-15,female,25,S-6,PS-F,NS,-0.141278034,15
757_P-29_f_S-4_PS-F.wav,P-29,female,26,S-4,PS-F,NS,-1.272120549,15
758_P-29_f_S-5_PS-F.wav,P-29,female,26,S-5,PS-F,NS,-1.21756492,15
759_P-29_f_S-6_PS-F.wav,P-29,female,26,S-6,PS-F,NS,-1.19816965,15
760_P-29_f_S-1_PS-F.wav,P-29,female,26,S-1,PS-F,NS,-0.870303439,15
761_P-29_f_S-2_PS-F.wav,P-29,female,26,S-2,PS-F,NS,-0.259612172,15
762_P-29_f_S-3_PS-F.wav,P-29,female,26,S-3,PS-F,NS,-0.616804172,14
763_P-29_f_S-4_PS-F.wav,P-29,female,26,S-4,PS-F,NS,-0.904131538,14
764_P-29_f_S-5_PS-F.wav,P-29,female,26,S-5,PS-F,NS,-0.792393128,15
765_P-29_f_S-6_PS-F.wav,P-29,female,26,S-6,PS-F,NS,-1.070338955,15
766_P-29_f_S-1_PS-M.wav,P-29,female,26,S-1,PS-M,S,0.128575888,15
767_P-03_m_S-3_PS-S.wav,P-03,male,20,S-3,PS-S,S,0.916152573,16
768_P-29_f_S-2_PS-M.wav,P-29,female,26,S-2,PS-M,NS,-0.167167169,15
769_P-29_f_S-3_PS-M.wav,P-29,female,26,S-3,PS-M,NS,-0.054128463,15
770_P-29_f_S-4_PS-M.wav,P-29,female,26,S-4,PS-M,S,0.299447439,15
771_P-29_f_S-5_PS-M.wav,P-29,female,26,S-5,PS-M,S,0.433493589,15
772_P-29_f_S-6_PS-M.wav,P-29,female,26,S-6,PS-M,NS,-0.152604158,15
773_P-29_f_S-1_PS-L.wav,P-29,female,26,S-1,PS-L,NS,-0.877735173,15
774_P-29_f_S-2_PS-L.wav,P-29,female,26,S-2,PS-L,NS,-0.881639223,15
775_P-29_f_S-3_PS-L.wav,P-29,female,26,S-3,PS-L,NS,-0.747007562,14
776_P-29_f_S-4_PS-L.wav,P-29,female,26,S-4,PS-L,NS,-0.532094423,15
777_P-29_f_S-5_PS-L.wav,P-29,female,26,S-5,PS-L,NS,-0.813082128,15
778_P-21_m_S-2_PS-M.wav,P-21,male,25,S-2,PS-M,NS,-0.505162201,16
779_P-15_f_S-2_PS-F.wav,P-15,female,25,S-2,PS-F,NS,-0.227664695,16
780_P-29_f_S-6_PS-L.wav,P-29,female,26,S-6,PS-L,NS,-0.928503284,15
781_P-30_f_S-1_PS-S.wav,P-30,female,30,S-1,PS-S,NS,-0.282024753,15
782_P-30_f_S-2_PS-S.wav,P-30,female,30,S-2,PS-S,S,0.628925356,15
783_P-30_f_S-3_PS-S.wav,P-30,female,30,S-3,PS-S,S,1.075627622,15
784_P-30_f_S-4_PS-S.wav,P-30,female,30,S-4,PS-S,S,0.811578846,15
785_P-30_f_S-5_PS-S.wav,P-30,female,30,S-5,PS-S,S,1.000690312,13
786_P-30_f_S-6_PS-S.wav,P-30,female,30,S-6,PS-S,S,0.740081821,15
787_P-30_f_S-1_PS-F.wav,P-30,female,30,S-1,PS-F,NS,-0.194850303,15
788_P-30_f_S-2_PS-F.wav,P-30,female,30,S-2,PS-F,S,0.028049602,15
789_P-30_f_S-3_PS-F.wav,P-30,female,30,S-3,PS-F,S,0.161510137,15
790_P-15_f_S-4_PS-F.wav,P-15,female,25,S-4,PS-F,NS,-0.172835076,16
791_P-30_f_S-4_PS-F.wav,P-30,female,30,S-4,PS-F,NS,-0.13155903,15
792_P-30_f_S-5_PS-F.wav,P-30,female,30,S-5,PS-F,S,0.300802675,15
793_P-30_f_S-6_PS-F.wav,P-30,female,30,S-6,PS-F,NS,-0.22215442,15
794_P-30_f_S-1_PS-L.wav,P-30,female,30,S-1,PS-L,NS,-0.497342952,15
795_P-30_f_S-2_PS-L.wav,P-30,female,30,S-2,PS-L,S,0.16821621,15
796_P-30_f_S-3_PS-L.wav,P-30,female,30,S-3,PS-L,S,0.349287747,15
797_P-30_f_S-4_PS-L.wav,P-30,female,30,S-4,PS-L,S,0.910455661,15
798_P-30_f_S-5_PS-L.wav,P-30,female,30,S-5,PS-L,S,1.204556396,15
799_P-30_f_S-6_PS-L.wav,P-30,female,30,S-6,PS-L,S,0.811492214,15
800_P-30_f_S-1_PS-M.wav,P-30,female,30,S-1,PS-M,NS,-0.285771847,15
801_P-16_m_S-1_PS-M.wav,P-16,male,25,S-1,PS-M,NS,-0.596924414,16
802_P-30_f_S-2_PS-M.wav,P-30,female,30,S-2,PS-M,NS,-0.524142526,15
803_P-30_f_S-3_PS-M.wav,P-30,female,30,S-3,PS-M,NS,-0.266592218,15
804_P-30_f_S-4_PS-M.wav,P-30,female,30,S-4,PS-M,NS,-0.746600343,15
805_P-30_f_S-5_PS-M.wav,P-30,female,30,S-5,PS-M,NS,-0.627290912,15
806_P-30_f_S-6_PS-M.wav,P-30,female,30,S-6,PS-M,NS,-0.502756456,15
807_P-31_f_S-1_PS-S.wav,P-31,female,35,S-1,PS-S,NS,-0.228327892,15
808_P-31_f_S-2_PS-S.wav,P-31,female,35,S-2,PS-S,S,0.187171924,15
809_P-31_f_S-3_PS-S.wav,P-31,female,35,S-3,PS-S,S,0.180581896,14
810_P-31_f_S-1_PS-S.wav,P-31,female,35,S-1,PS-S,S,0.03608797,15
811_P-31_f_S-2_PS-S.wav,P-31,female,35,S-2,PS-S,S,0.271108709,15
812_P-16_m_S-2_PS-M.wav,P-16,male,25,S-2,PS-M,S,0.362003539,16
813_P-31_f_S-3_PS-S.wav,P-31,female,35,S-3,PS-S,S,0.250205028,15
814_P-31_f_S-4_PS-S.wav,P-31,female,35,S-4,PS-S,S,0.411173215,15
815_P-31_f_S-5_PS-S.wav,P-31,female,35,S-5,PS-S,S,0.472990413,15
816_P-31_f_S-6_PS-S.wav,P-31,female,35,S-6,PS-S,S,0.493419613,15
817_P-31_f_S-1_PS-F.wav,P-31,female,35,S-1,PS-F,NS,-0.749124528,15
818_P-31_f_S-2_PS-F.wav,P-31,female,35,S-2,PS-F,NS,-0.46033799,15
819_P-31_f_S-3_PS-F.wav,P-31,female,35,S-3,PS-F,NS,-0.304840083,15
820_P-31_f_S-4_PS-F.wav,P-31,female,35,S-4,PS-F,NS,-0.246091274,15
821_P-31_f_S-5_PS-F.wav,P-31,female,35,S-5,PS-F,NS,-0.24965524,15
822_P-31_f_S-6_PS-F.wav,P-31,female,35,S-6,PS-F,NS,-0.345995542,15
823_P-16_m_S-3_PS-M.wav,P-16,male,25,S-3,PS-M,S,0.44109956,16
824_P-31_f_S-1_PS-M.wav,P-31,female,35,S-1,PS-M,NS,-0.410677841,15
825_P-31_f_S-2_PS-M.wav,P-31,female,35,S-2,PS-M,S,0.108451647,15
826_P-31_f_S-3_PS-M.wav,P-31,female,35,S-3,PS-M,S,0.32660649,15
827_P-31_f_S-4_PS-M.wav,P-31,female,35,S-4,PS-M,S,0.506491857,15
828_P-31_f_S-5_PS-M.wav,P-31,female,35,S-5,PS-M,S,0.478673961,15
829_P-31_f_S-6_PS-M.wav,P-31,female,35,S-6,PS-M,S,0.269096683,15
830_P-31_f_S-1_PS-L.wav,P-31,female,35,S-1,PS-L,NS,-0.945013543,15
831_P-31_f_S-2_PS-L.wav,P-31,female,35,S-2,PS-L,S,0.040104734,15
832_P-31_f_S-3_PS-L.wav,P-31,female,35,S-3,PS-L,S,0.304515481,15
833_P-31_f_S-4_PS-L.wav,P-31,female,35,S-4,PS-L,S,0.665941139,15
834_P-16_m_S-4_PS-M.wav,P-16,male,25,S-4,PS-M,NS,-0.664184728,16
835_P-31_f_S-5_PS-L.wav,P-31,female,35,S-5,PS-L,S,0.928494683,15
836_P-32_f_S-1_PS-S.wav,P-32,female,35,S-1,PS-S,NS,-0.197279569,15
837_P-32_f_S-2_PS-S.wav,P-32,female,35,S-2,PS-S,S,0.790272273,15
838_P-32_f_S-3_PS-S.wav,P-32,female,35,S-3,PS-S,S,0.58806565,15
839_P-32_f_S-4_PS-S.wav,P-32,female,35,S-4,PS-S,S,0.931024376,15
840_P-32_f_S-5_PS-S.wav,P-32,female,35,S-5,PS-S,S,0.986478998,15
841_P-32_f_S-6_PS-S.wav,P-32,female,35,S-6,PS-S,S,0.786675,15
842_P-32_f_S-1_PS-F.wav,P-32,female,35,S-1,PS-F,S,0.350158258,15
843_P-32_f_S-2_PS-F.wav,P-32,female,35,S-2,PS-F,NS,-0.908329608,15
844_P-32_f_S-2_PS-F.wav,P-32,female,35,S-2,PS-F,NS,-0.550051935,15
845_P-03_m_S-2_PS-S.wav,P-03,male,20,S-2,PS-S,S,0.928394399,16
846_P-32_f_S-3_PS-F.wav,P-32,female,35,S-3,PS-F,NS,-0.334665497,15
847_P-32_f_S-4_PS-F.wav,P-32,female,35,S-4,PS-F,NS,-0.076891114,15
848_P-32_f_S-5_PS-F.wav,P-32,female,35,S-5,PS-F,NS,-0.410435008,15
849_P-32_f_S-6_PS-F.wav,P-32,female,35,S-6,PS-F,NS,-1.231975506,15
850_P-32_f_S-6_PS-F.wav,P-32,female,35,S-6,PS-F,NS,-0.160886344,15
851_P-32_f_S-1_PS-M.wav,P-32,female,35,S-1,PS-M,NS,-0.265189917,15
852_P-32_f_S-2_PS-M.wav,P-32,female,35,S-2,PS-M,NS,-0.13256859,15
853_P-32_f_S-3_PS-M.wav,P-32,female,35,S-3,PS-M,NS,-0.225473782,14
854_P-32_f_S-4_PS-M.wav,P-32,female,35,S-4,PS-M,NS,-0.154625224,15
855_P-32_f_S-5_PS-M.wav,P-32,female,35,S-5,PS-M,NS,-0.004862369,15
856_P-16_m_S-5_PS-M.wav,P-16,male,25,S-5,PS-M,NS,-0.210629588,16
857_P-32_f_S-6_PS-M.wav,P-32,female,35,S-6,PS-M,NS,-0.291665843,15
858_P-32_f_S-1_PS-L.wav,P-32,female,35,S-1,PS-L,NS,-0.226485106,15
859_P-32_f_S-2_PS-L.wav,P-32,female,35,S-2,PS-L,S,0.544017112,15
860_P-32_f_S-3_PS-L.wav,P-32,female,35,S-3,PS-L,S,0.854864234,15
861_P-32_f_S-4_PS-L.wav,P-32,female,35,S-4,PS-L,S,1.033451466,15
862_P-32_f_S-5_PS-L.wav,P-32,female,35,S-5,PS-L,S,0.960249242,15
863_P-32_f_S-6_PS-L.wav,P-32,female,35,S-6,PS-L,S,0.793394696,15
864_P-26_f_S-1_PS-F.wav,P-26,female,25,S-1,PS-F,NS,-0.244072138,15
865_P-26_f_S-2_PS-F.wav,P-26,female,25,S-2,PS-F,S,0.097647175,15
866_P-26_f_S-1_PS-F.wav,P-26,female,25,S-1,PS-F,NS,-0.33011364,15
867_P-16_m_S-6_PS-M.wav,P-16,male,25,S-6,PS-M,S,0.067437809,16
868_P-26_f_S-2_PS-F.wav,P-26,female,25,S-2,PS-F,S,0.227893315,15
869_P-26_f_S-3_PS-F.wav,P-26,female,25,S-3,PS-F,NS,-0.10959399,15
870_P-26_f_S-4_PS-F.wav,P-26,female,25,S-4,PS-F,NS,-0.167718148,15
871_P-26_f_S-5_PS-F.wav,P-26,female,25,S-5,PS-F,S,0.284137378,15
872_P-26_f_S-6_PS-F.wav,P-26,female,25,S-6,PS-F,S,0.624580164,15
873_P-26_f_S-1_PS-L.wav,P-26,female,25,S-1,PS-L,NS,-0.312158343,15
874_P-26_f_S-2_PS-L.wav,P-26,female,25,S-2,PS-L,S,0.120333673,15
875_P-26_f_S-3_PS-L.wav,P-26,female,25,S-3,PS-L,S,0.135368105,15
876_P-26_f_S-4_PS-L.wav,P-26,female,25,S-4,PS-L,S,0.083894162,15
877_P-26_f_S-5_PS-L.wav,P-26,female,25,S-5,PS-L,S,0.036049115,15
878_P-16_m_S-1_PS-L.wav,P-16,male,25,S-1,PS-L,NS,-0.718865832,16
879_P-26_f_S-6_PS-L.wav,P-26,female,25,S-6,PS-L,NS,-0.21661507,15
880_P-26_f_S-1_PS-L.wav,P-26,female,25,S-1,PS-L,S,0.00412534,15
881_P-26_f_S-1_PS-S.wav,P-26,female,25,S-1,PS-S,S,0.426340355,15
882_P-26_f_S-2_PS-S.wav,P-26,female,25,S-2,PS-S,S,0.807098418,15
883_P-26_f_S-2_PS-S.wav,P-26,female,25,S-2,PS-S,S,0.542746212,15
884_P-26_f_S-3_PS-S.wav,P-26,female,25,S-3,PS-S,NS,-0.426490929,15
885_P-26_f_S-4_PS-S.wav,P-26,female,25,S-4,PS-S,NS,-0.60002721,14
886_P-26_f_S-5_PS-S.wav,P-26,female,25,S-5,PS-S,S,0.106123293,15
887_P-26_f_S-6_PS-S.wav,P-26,female,25,S-6,PS-S,NS,-0.439772551,15
888_P-26_f_S-1_PS-L.wav,P-26,female,25,S-1,PS-L,NS,-1.068316171,15
889_P-06_f_S-6_PS-M.wav,P-06,female,25,S-6,PS-M,NS,-1.31447497,16
890_P-16_m_S-2_PS-L.wav,P-16,male,25,S-2,PS-L,NS,-0.050926758,16
891_P-26_f_S-1_PS-S.wav,P-26,female,25,S-1,PS-S,NS,-0.371998063,15
892_P-26_f_S-1_PS-L.wav,P-26,female,25,S-1,PS-L,NS,-0.868331444,15
893_P-26_f_S-1_PS-F.wav,P-26,female,25,S-1,PS-F,NS,-0.938616248,15
894_P-26_f_S-2_PS-F.wav,P-26,female,25,S-2,PS-F,NS,-0.733943506,15
895_P-26_f_S-3_PS-F.wav,P-26,female,25,S-3,PS-F,NS,-0.088556565,15
896_P-26_f_S-4_PS-F.wav,P-26,female,25,S-4,PS-F,S,0.016549198,15
897_P-26_f_S-6_PS-F.wav,P-26,female,25,S-6,PS-F,NS,-0.30789623,15
898_P-26_f_S-6_PS-L.wav,P-26,female,25,S-6,PS-L,S,0.056039965,15
899_P-26_f_S-1_PS-L.wav,P-26,female,25,S-1,PS-L,NS,-0.339751122,15
900_P-26_f_S-2_PS-L.wav,P-26,female,25,S-2,PS-L,S,0.094059935,15
901_P-17_f_S-1_PS-F.wav,P-17,female,25,S-1,PS-F,S,0.321362743,16
902_P-26_f_S-3_PS-L.wav,P-26,female,25,S-3,PS-L,S,0.364703483,15
903_P-26_f_S-4_PS-L.wav,P-26,female,25,S-4,PS-L,NS,-0.401291432,15
904_P-26_f_S-5_PS-L.wav,P-26,female,25,S-5,PS-L,S,0.674708553,15
905_P-17_f_S-2_PS-F.wav,P-17,female,25,S-2,PS-F,S,1.167164738,16
906_P-17_f_S-4_PS-F.wav,P-17,female,25,S-4,PS-F,S,1.166792942,16
907_P-17_f_S-5_PS-F.wav,P-17,female,25,S-5,PS-F,S,1.591760382,16
908_P-17_f_S-6_PS-F.wav,P-17,female,25,S-6,PS-F,S,0.798627687,16
909_P-17_f_S-2_PS-F.wav,P-17,female,25,S-2,PS-F,S,1.16432511,16
910_P-18_f_S-1_PS-F.wav,P-18,female,20,S-1,PS-F,NS,-0.895694421,16
911_P-18_f_S-2_PS-F.wav,P-18,female,20,S-2,PS-F,NS,-0.590269369,16
912_P-18_f_S-4_PS-F.wav,P-18,female,20,S-4,PS-F,NS,-0.172757826,16
